Year,Month,Site,Water_Temperature,pH,Ammonia,Nitrate,Phosphate,DO,Month_num,Time_index
2013,January,TANAUAN,26.28,8.52,0.83,0.1,2.47,0.98,1,2013.0
2013,January,TALISAY,26.35,8.63,0.0,0.1,2.47,5.66,1,2013.0
2013,February,AYA,26.53,8.62,0.56,0.1,2.47,4.44,2,2013.0833333333333
2013,February,TUMAWAY,26.55,8.64,0.53,0.1,2.47,5.8,2,2013.0833333333333
2013,February,SAMPALOC,26.98,8.77,0.53,0.1,2.47,6.51,2,2013.0833333333333
2013,February,BERINAYAN,26.98,8.8,0.48,0.1,2.47,5.99,2,2013.0833333333333
2013,February,BALAKILONG,27.05,8.78,0.48,0.1,2.47,6.74,2,2013.0833333333333
2013,February,BUSO-BUSO,26.99,8.72,0.47,0.1,2.47,6.55,2,2013.0833333333333
2013,February,BAÑAGA,26.95,8.72,0.47,0.1,2.47,6.2,2,2013.0833333333333
2013,February,BILIBINWANG,26.96,8.98,0.37,0.1,2.47,6.59,2,2013.0833333333333
2013,February,SUBIC-ILAYA,27.04,9.09,0.47,0.1,2.47,7.83,2,2013.0833333333333
2013,February,SAN NICOLAS,26.77,8.78,0.0,0.1,2.47,7.39,2,2013.0833333333333
2013,February,MATAAS NA KAHOY,26.41,8.87,0.47,0.1,2.47,6.95,2,2013.0833333333333
2013,February,TANAUAN,26.32,8.68,0.43,0.1,2.47,9.37,2,2013.0833333333333
2013,March,AYA,29.0,8.5,0.0,0.1,2.47,7.47,3,2013.1666666666667
2013,March,TUMAWAY,29.0,9.0,0.0,0.1,2.47,7.39,3,2013.1666666666667
2013,March,SAMPALOC,29.5,8.5,0.01,0.1,2.47,7.9,3,2013.1666666666667
2013,March,BERINAYAN,29.5,8.5,0.03,0.1,2.47,8.38,3,2013.1666666666667
2013,March,BALAKILONG,28.5,8.25,0.03,0.1,2.47,7.37,3,2013.1666666666667
2013,March,BUSO-BUSO,29.0,8.5,0.0,0.1,2.47,7.69,3,2013.1666666666667
2013,March,BAÑAGA,29.0,8.5,0.02,0.1,2.47,8.18,3,2013.1666666666667
2013,March,BILIBINWANG,29.5,8.5,0.0,0.1,2.47,8.61,3,2013.1666666666667
2013,March,SUBIC-ILAYA,29.5,8.75,0.01,0.1,2.47,8.14,3,2013.1666666666667
2013,March,SAN NICOLAS,29.5,8.75,0.01,0.1,2.47,9.16,3,2013.1666666666667
2013,March,MATAAS NA KAHOY,28.5,8.5,0.0,0.1,2.47,8.55,3,2013.1666666666667
2013,March,TANAUAN,30.0,8.5,0.0,0.1,2.47,9.32,3,2013.1666666666667
2013,April,AYA,29.5,8.0,0.01,0.1,2.47,2.46,4,2013.25
2013,April,TUMAWAY,29.0,8.0,0.02,0.1,2.47,2.93,4,2013.25
2013,April,SAMPALOC,31.05,8.17,0.01,0.1,2.47,6.79,4,2013.25
2013,April,BERINAYAN,31.05,8.17,0.1,0.1,2.47,5.69,4,2013.25
2013,April,BALAKILONG,32.0,8.17,0.05,0.1,2.47,7.63,4,2013.25
2013,April,BUSO-BUSO,31.5,8.17,0.01,0.1,2.47,7.31,4,2013.25
2013,April,BAÑAGA,30.5,8.33,0.01,0.1,2.47,6.41,4,2013.25
2013,April,BILIBINWANG,31.0,8.17,0.01,0.1,2.47,6.66,4,2013.25
2013,April,SUBIC-ILAYA,32.0,8.17,0.01,0.1,2.47,7.91,4,2013.25
2013,April,SAN NICOLAS,32.0,8.25,0.01,0.1,2.47,8.09,4,2013.25
2013,April,MATAAS NA KAHOY,31.0,8.25,0.04,0.1,2.47,6.73,4,2013.25
2013,April,TANAUAN,30.5,8.17,0.01,0.1,2.47,6.03,4,2013.25
2013,May,AYA,29.5,8.25,0.0,0.1,2.47,7.7,5,2013.3333333333333
2013,May,TUMAWAY,29.5,8.25,0.0,0.1,2.47,7.4,5,2013.3333333333333
2013,May,SAMPALOC,31.0,8.5,0.0,0.1,2.47,7.8,5,2013.3333333333333
2013,May,BERINAYAN,33.0,9.0,0.0,0.1,2.47,7.0,5,2013.3333333333333
2013,May,BALAKILONG,31.5,8.75,0.0,0.1,2.47,7.5,5,2013.3333333333333
2013,May,BUSO-BUSO,31.0,8.25,0.0,0.1,2.47,7.2,5,2013.3333333333333
2013,May,BAÑAGA,31.0,8.25,0.0,0.1,2.47,6.7,5,2013.3333333333333
2013,May,BILIBINWANG,31.0,8.5,0.0,0.1,2.47,6.8,5,2013.3333333333333
2013,May,SUBIC-ILAYA,31.5,8.75,0.0,0.1,2.47,7.1,5,2013.3333333333333
2013,May,SAN NICOLAS,32.0,8.75,0.0,0.1,2.47,7.8,5,2013.3333333333333
2013,May,MATAAS NA KAHOY,31.0,8.5,0.0,0.1,2.47,7.5,5,2013.3333333333333
2013,May,TANAUAN,30.0,8.25,0.0,0.1,2.47,7.7,5,2013.3333333333333
2013,June,AYA,31.0,8.7,0.06,0.1,2.47,5.44,6,2013.4166666666667
2013,June,TUMAWAY,31.0,8.7,0.07,0.1,2.47,5.73,6,2013.4166666666667
2013,June,SAMPALOC,31.0,8.6,0.08,0.1,2.47,3.31,6,2013.4166666666667
2013,June,BERINAYAN,31.0,8.6,0.08,0.1,2.47,4.4,6,2013.4166666666667
2013,June,BALAKILONG,31.0,8.6,0.08,0.1,2.47,4.35,6,2013.4166666666667
2013,June,BUSO-BUSO,31.0,8.6,0.07,0.1,2.47,5.2,6,2013.4166666666667
2013,June,BAÑAGA,31.25,8.6,0.08,0.1,2.47,4.31,6,2013.4166666666667
2013,June,BILIBINWANG,31.0,8.6,0.08,0.1,2.47,5.76,6,2013.4166666666667
2013,June,SUBIC-ILAYA,31.0,8.6,0.08,0.1,2.47,5.38,6,2013.4166666666667
2013,June,SAN NICOLAS,31.0,8.6,0.04,0.1,2.47,6.09,6,2013.4166666666667
2013,June,TANAUAN,31.5,8.6,0.04,0.1,2.47,5.64,6,2013.4166666666667
2013,July,AYA,29.8,8.4,0.25,0.1,2.47,4.8,7,2013.5
2013,July,TUMAWAY,29.8,8.5,0.25,0.1,2.47,5.9,7,2013.5
2013,July,SAMPALOC,30.0,8.5,0.25,0.1,2.47,4.2,7,2013.5
2013,July,BERINAYAN,30.6,8.4,0.25,0.1,2.47,3.6,7,2013.5
2013,July,BALAKILONG,30.8,8.5,0.25,0.1,2.47,5.6,7,2013.5
2013,July,BUSO-BUSO,30.7,8.6,0.25,0.1,2.47,6.8,7,2013.5
2013,July,BAÑAGA,30.8,8.5,0.25,0.1,2.47,3.9,7,2013.5
2013,July,BILIBINWANG,30.8,8.5,0.25,0.1,2.47,6.5,7,2013.5
2013,July,SUBIC-ILAYA,31.0,8.5,0.25,0.1,2.47,6.7,7,2013.5
2013,July,SAN NICOLAS,31.3,8.5,0.25,0.1,2.47,6.8,7,2013.5
2013,July,MATAAS NA KAHOY,30.8,8.5,0.25,0.1,2.47,6.6,7,2013.5
2013,July,TANAUAN,31.3,8.5,0.25,0.1,2.47,6.2,7,2013.5
2013,August,AYA,29.8,8.8,0.03,0.1,2.47,7.1,8,2013.5833333333333
2013,August,TUMAWAY,30.0,8.6,0.08,0.1,2.47,6.2,8,2013.5833333333333
2013,August,SAMPALOC,30.0,8.3,0.1,0.1,2.47,6.1,8,2013.5833333333333
2013,August,BERINAYAN,30.0,8.4,0.11,0.1,2.47,4.0,8,2013.5833333333333
2013,August,BALAKILONG,29.1,8.4,0.06,0.1,2.47,7.6,8,2013.5833333333333
2013,August,BUSO-BUSO,29.1,8.4,0.57,0.1,2.47,5.6,8,2013.5833333333333
2013,August,BAÑAGA,30.0,8.5,0.1,0.1,2.47,6.4,8,2013.5833333333333
2013,August,BILIBINWANG,30.0,8.4,0.11,0.1,2.47,7.9,8,2013.5833333333333
2013,August,SUBIC-ILAYA,29.0,8.6,0.18,0.1,2.47,6.0,8,2013.5833333333333
2013,August,SAN NICOLAS,29.0,8.6,0.09,0.1,2.47,6.8,8,2013.5833333333333
2013,August,MATAAS NA KAHOY,30.0,8.6,0.48,0.1,2.47,6.4,8,2013.5833333333333
2013,August,TANAUAN,30.0,8.6,0.02,0.1,2.47,6.5,8,2013.5833333333333
2013,September,AYA,30.0,8.4,0.15,0.1,2.47,5.2,9,2013.6666666666667
2013,September,TUMAWAY,30.2,8.4,0.13,0.1,2.47,4.5,9,2013.6666666666667
2013,September,SAMPALOC,30.0,8.2,0.28,0.1,2.47,2.0,9,2013.6666666666667
2013,September,BERINAYAN,30.6,8.2,0.26,0.1,2.47,3.7,9,2013.6666666666667
2013,September,BALAKILONG,30.7,8.2,0.17,0.1,2.47,2.9,9,2013.6666666666667
2013,September,BUSO-BUSO,31.2,8.3,0.22,0.1,2.47,4.1,9,2013.6666666666667
2013,September,BAÑAGA,30.9,8.3,0.11,0.1,2.47,5.7,9,2013.6666666666667
2013,September,BILIBINWANG,31.5,8.4,0.2,0.1,2.47,7.8,9,2013.6666666666667
2013,September,SUBIC-ILAYA,32.2,8.6,0.14,0.1,2.47,5.3,9,2013.6666666666667
2013,September,SAN NICOLAS,31.6,8.2,0.12,0.1,2.47,6.7,9,2013.6666666666667
2013,September,MATAAS NA KAHOY,30.8,8.4,0.13,0.1,2.47,6.1,9,2013.6666666666667
2013,September,TANAUAN,30.9,8.6,0.09,0.1,2.47,6.4,9,2013.6666666666667
2013,October,AYA,28.8,8.6,0.25,0.1,2.47,7.0,10,2013.75
2013,October,TUMAWAY,28.8,8.5,0.25,0.1,2.47,7.9,10,2013.75
2013,October,SAMPALOC,29.3,8.3,0.25,0.1,2.47,8.5,10,2013.75
2013,October,BERINAYAN,30.1,8.3,0.25,0.1,2.47,8.4,10,2013.75
2013,October,BALAKILONG,30.2,8.4,0.25,0.1,2.47,8.6,10,2013.75
2013,October,BUSO-BUSO,29.9,8.4,0.25,0.1,2.47,8.8,10,2013.75
2013,October,BAÑAGA,30.1,8.2,0.25,0.1,2.47,8.7,10,2013.75
2013,October,BILIBINWANG,30.4,8.3,0.25,0.1,2.47,8.8,10,2013.75
2013,October,SUBIC-ILAYA,30.2,8.4,0.25,0.1,2.47,9.6,10,2013.75
2013,October,SAN NICOLAS,30.0,8.3,0.25,0.1,2.47,8.9,10,2013.75
2013,October,MATAAS NA KAHOY,29.9,8.3,0.25,0.1,2.47,8.4,10,2013.75
2013,October,TANAUAN,29.4,8.3,0.25,0.1,2.47,8.9,10,2013.75
2013,November,AYA,26.0,8.1,0.25,0.1,2.47,4.1,11,2013.8333333333333
2013,November,TUMAWAY,26.0,8.1,0.25,0.1,2.47,4.2,11,2013.8333333333333
2013,November,SAMPALOC,26.0,8.3,0.25,0.1,2.47,3.1,11,2013.8333333333333
2013,November,BERINAYAN,26.0,8.2,0.25,0.1,2.47,4.2,11,2013.8333333333333
2013,November,BUSO-BUSO,26.0,8.3,0.25,0.1,2.47,5.3,11,2013.8333333333333
2013,November,BAÑAGA,26.0,8.2,0.25,0.1,2.47,4.4,11,2013.8333333333333
2013,November,BILIBINWANG,26.0,8.3,0.25,0.1,2.47,5.0,11,2013.8333333333333
2013,November,SUBIC-ILAYA,26.0,8.3,0.25,0.1,2.47,5.8,11,2013.8333333333333
2013,November,MATAAS NA KAHOY,25.0,8.3,0.25,0.1,2.47,8.2,11,2013.8333333333333
2013,November,TANAUAN,26.0,8.3,0.25,0.1,2.47,5.0,11,2013.8333333333333
2013,December,AYA,27.2,8.4,0.25,0.1,2.47,5.4,12,2013.9166666666667
2013,December,TUMAWAY,27.1,8.2,0.25,0.1,2.47,6.5,12,2013.9166666666667
2013,December,SAMPALOC,27.6,8.2,0.25,0.1,2.47,6.8,12,2013.9166666666667
2013,December,BERINAYAN,27.8,8.2,0.25,0.1,2.47,6.6,12,2013.9166666666667
2013,December,BALAKILONG,27.8,8.2,0.25,0.1,2.47,7.8,12,2013.9166666666667
2013,December,BUSO-BUSO,27.7,8.1,0.25,0.1,2.47,7.1,12,2013.9166666666667
2013,December,BAÑAGA,27.6,8.1,0.25,0.1,2.47,6.3,12,2013.9166666666667
2013,December,BILIBINWANG,27.7,8.0,0.25,0.1,2.47,7.6,12,2013.9166666666667
2013,December,SUBIC-ILAYA,27.8,8.1,0.25,0.1,2.47,7.5,12,2013.9166666666667
2013,December,SAN NICOLAS,28.2,8.2,0.25,0.1,2.47,8.4,12,2013.9166666666667
2013,December,MATAAS NA KAHOY,27.6,8.2,0.25,0.1,2.47,7.4,12,2013.9166666666667
2013,December,TANAUAN,27.9,8.3,0.25,0.1,2.47,6.9,12,2013.9166666666667
2014,January,AYA,25.4,8.4,0.25,0.1,2.47,5.4,1,2014.0
2014,January,TUMAWAY,25.1,8.2,0.25,0.1,2.47,6.5,1,2014.0
2014,January,SAMPALOC,25.5,8.2,0.25,0.1,2.47,6.8,1,2014.0
2014,January,BERINAYAN,25.5,8.2,0.25,0.1,2.47,6.6,1,2014.0
2014,January,BALAKILONG,25.5,8.2,0.25,0.1,2.47,7.8,1,2014.0
2014,January,BUSO-BUSO,25.5,8.1,0.25,0.1,2.47,7.1,1,2014.0
2014,January,BAÑAGA,25.5,8.1,0.25,0.1,2.47,6.3,1,2014.0
2014,January,BILIBINWANG,25.5,8.0,0.25,0.1,2.47,7.6,1,2014.0
2014,January,MATAAS NA KAHOY,29.6,8.2,0.25,0.1,2.47,7.4,1,2014.0
2014,January,TANAUAN,29.6,8.3,0.25,0.1,2.47,6.9,1,2014.0
2014,February,AYA,28.0,8.2,0.27,0.1,2.47,8.9,2,2014.0833333333333
2014,February,TUMAWAY,27.0,8.1,0.23,0.1,2.47,12.3,2,2014.0833333333333
2014,February,SAMPALOC,27.0,8.1,0.24,0.1,2.47,10.9,2,2014.0833333333333
2014,February,BERINAYAN,27.5,8.1,0.33,0.1,2.47,9.0,2,2014.0833333333333
2014,February,BALAKILONG,27.0,8.1,0.25,0.1,2.47,11.6,2,2014.0833333333333
2014,February,MATAAS NA KAHOY,26.5,8.2,0.24,0.1,2.47,10.1,2,2014.0833333333333
2014,February,TANAUAN,26.5,8.2,0.21,0.1,2.47,9.8,2,2014.0833333333333
2014,February,BUSO-BUSO,26.0,8.3,0.31,0.1,2.47,12.9,2,2014.0833333333333
2014,February,BAÑAGA,28.0,8.3,0.3,0.1,2.47,12.8,2,2014.0833333333333
2014,February,BILIBINWANG,27.0,8.3,0.27,0.1,2.47,10.7,2,2014.0833333333333
2014,February,SUBIC-ILAYA,27.0,8.3,0.22,0.1,2.47,7.3,2,2014.0833333333333
2014,February,SAN NICOLAS,27.0,8.3,0.26,0.1,2.47,8.1,2,2014.0833333333333
2014,March,AYA,27.0,8.2,0.17,0.1,2.47,8.5,3,2014.1666666666667
2014,March,TUMAWAY,27.0,8.2,0.13,0.1,2.47,7.8,3,2014.1666666666667
2014,March,SAMPALOC,27.0,8.4,0.19,0.1,2.47,7.4,3,2014.1666666666667
2014,March,MATAAS NA KAHOY,27.0,8.5,0.9199999999999999,0.1,2.47,8.1,3,2014.1666666666667
2014,March,TANAUAN,26.0,8.6,0.29,0.1,2.47,6.2,3,2014.1666666666667
2014,March,BERINAYAN,27.0,8.3,0.26,0.1,2.47,8.0,3,2014.1666666666667
2014,March,BALAKILONG,27.0,8.4,0.21,0.1,2.47,8.3,3,2014.1666666666667
2014,March,BUSO-BUSO,28.0,8.2,0.33,0.1,2.47,8.9,3,2014.1666666666667
2014,March,BAÑAGA,27.0,8.1,0.26,0.1,2.47,8.4,3,2014.1666666666667
2014,March,BILIBINWANG,27.0,8.1,0.32,0.1,2.47,9.0,3,2014.1666666666667
2014,March,SUBIC-ILAYA,27.0,8.5,0.18,0.1,2.47,8.4,3,2014.1666666666667
2014,March,SAN NICOLAS,26.5,8.3,0.34,0.1,2.47,7.4,3,2014.1666666666667
2014,April,AYA,28.0,8.1,0.15,0.1,2.47,6.6,4,2014.25
2014,April,TUMAWAY,28.0,8.1,0.17,0.1,2.47,6.8,4,2014.25
2014,April,SAMPALOC,29.0,8.0,0.25,0.1,2.47,6.5,4,2014.25
2014,April,BERINAYAN,29.0,8.25,0.15,0.1,2.47,6.4,4,2014.25
2014,April,BALAKILONG,29.5,8.2,0.19,0.1,2.47,6.4,4,2014.25
2014,April,BUSO-BUSO,30.0,8.0,0.21,0.1,2.47,6.2,4,2014.25
2014,April,BAÑAGA,30.0,8.0,0.22,0.1,2.47,5.8,4,2014.25
2014,April,BILIBINWANG,30.0,8.0,0.15,0.1,2.47,6.3,4,2014.25
2014,April,SUBIC-ILAYA,31.0,8.0,0.25,0.1,2.47,6.5,4,2014.25
2014,April,SAN NICOLAS,32.0,8.0,0.15,0.1,2.47,6.9,4,2014.25
2014,April,MATAAS NA KAHOY,30.0,8.0,0.15,0.1,2.47,6.5,4,2014.25
2014,April,TANAUAN,30.0,8.0,0.13,0.1,2.47,6.5,4,2014.25
2014,May,AYA,31.0,8.2,0.2,0.1,2.47,6.8,5,2014.3333333333333
2014,May,TUMAWAY,32.0,7.9,0.17,0.1,2.47,6.9,5,2014.3333333333333
2014,May,SAMPALOC,33.0,7.9,0.33,0.1,2.47,7.4,5,2014.3333333333333
2014,May,BERINAYAN,32.0,8.0,0.22,0.1,2.47,7.0,5,2014.3333333333333
2014,May,BALAKILONG,32.0,8.3,0.18,0.1,2.47,7.1,5,2014.3333333333333
2014,May,BUSO-BUSO,31.0,8.1,0.25,0.1,2.47,7.1,5,2014.3333333333333
2014,May,BAÑAGA,31.0,8.0,0.23,0.1,2.47,6.9,5,2014.3333333333333
2014,May,BILIBINWANG,30.5,7.9,0.29,0.1,2.47,7.2,5,2014.3333333333333
2014,May,SUBIC-ILAYA,31.0,8.3,0.17,0.1,2.47,6.9,5,2014.3333333333333
2014,May,SAN NICOLAS,31.0,8.2,0.25,0.1,2.47,7.1,5,2014.3333333333333
2014,May,MATAAS NA KAHOY,30.0,8.2,0.23,0.1,2.47,7.6,5,2014.3333333333333
2014,May,TANAUAN,29.0,8.0,0.23,0.1,2.47,7.1,5,2014.3333333333333
2014,June,AYA,31.0,9.25,0.28,0.1,2.47,8.1,6,2014.4166666666667
2014,June,TUMAWAY,31.0,9.25,0.29,0.1,2.47,8.5,6,2014.4166666666667
2014,June,SAMPALOC,31.0,8.75,0.38,0.1,2.47,8.0,6,2014.4166666666667
2014,June,BERINAYAN,31.0,9.0,0.45,0.1,2.47,7.3,6,2014.4166666666667
2014,June,BALAKILONG,31.0,9.0,0.29,0.1,2.47,7.5,6,2014.4166666666667
2014,June,BUSO-BUSO,30.5,8.75,0.5,0.1,2.47,7.2,6,2014.4166666666667
2014,June,BAÑAGA,30.0,8.75,0.37,0.1,2.47,4.3,6,2014.4166666666667
2014,June,BILIBINWANG,31.0,8.75,0.44,0.1,2.47,4.0,6,2014.4166666666667
2014,June,SUBIC-ILAYA,31.0,8.75,0.41,0.1,2.47,8.8,6,2014.4166666666667
2014,June,SAN NICOLAS,30.5,8.75,0.33,0.1,2.47,8.0,6,2014.4166666666667
2014,June,MATAAS NA KAHOY,30.5,9.25,0.33,0.1,2.47,8.3,6,2014.4166666666667
2014,June,TANAUAN,31.0,8.75,0.37,0.1,2.47,11.2,6,2014.4166666666667
2014,July,AYA,31.0,8.75,0.28,0.1,2.47,6.8,7,2014.5
2014,July,TUMAWAY,31.0,8.75,0.26,0.1,2.47,6.9,7,2014.5
2014,July,SAMPALOC,31.5,8.75,0.45,0.1,2.47,7.4,7,2014.5
2014,July,BERINAYAN,31.0,8.75,0.44,0.1,2.47,7.0,7,2014.5
2014,July,BALAKILONG,31.0,8.75,0.21,0.1,2.47,7.1,7,2014.5
2014,July,BUSO-BUSO,31.5,8.75,0.5,0.1,2.47,7.1,7,2014.5
2014,July,BAÑAGA,31.5,8.75,0.44,0.1,2.47,6.9,7,2014.5
2014,July,BILIBINWANG,31.5,8.75,0.32,0.1,2.47,7.2,7,2014.5
2014,July,SUBIC-ILAYA,30.0,8.75,0.38,0.1,2.47,6.9,7,2014.5
2014,July,SAN NICOLAS,30.0,8.75,0.32,0.1,2.47,7.1,7,2014.5
2014,July,TANAUAN,30.0,8.75,0.43,0.1,2.47,7.1,7,2014.5
2014,August,AYA,30.0,8.5,0.14,0.1,2.47,7.0,8,2014.5833333333333
2014,August,TUMAWAY,31.0,8.25,0.23,0.1,2.47,7.3,8,2014.5833333333333
2014,August,SAMPALOC,33.0,8.5,0.3,0.1,2.47,7.7,8,2014.5833333333333
2014,August,BERINAYAN,33.0,8.25,0.28,0.1,2.47,7.3,8,2014.5833333333333
2014,August,BALAKILONG,32.0,8.0,0.18,0.1,2.47,8.1,8,2014.5833333333333
2014,August,BUSO-BUSO,32.0,7.8,0.27,0.1,2.47,6.3,8,2014.5833333333333
2014,August,BAÑAGA,32.0,8.25,0.17,0.1,2.47,6.3,8,2014.5833333333333
2014,August,BILIBINWANG,32.0,7.8,0.2,0.1,2.47,6.4,8,2014.5833333333333
2014,August,SUBIC-ILAYA,32.0,8.5,0.18,0.1,2.47,6.8,8,2014.5833333333333
2014,August,SAN NICOLAS,32.0,8.2,0.14,0.1,2.47,7.0,8,2014.5833333333333
2014,August,TANAUAN,30.0,8.25,0.22,0.1,2.47,9.2,8,2014.5833333333333
2014,September,AYA,31.0,8.25,0.21,0.1,2.47,8.3,9,2014.6666666666667
2014,September,TUMAWAY,31.4,8.17,0.26,0.1,2.47,8.9,9,2014.6666666666667
2014,September,SAMPALOC,32.0,7.92,0.45,0.1,2.47,7.6,9,2014.6666666666667
2014,September,BERINAYAN,31.0,8.08,0.35,0.1,2.47,4.3,9,2014.6666666666667
2014,September,BALAKILONG,30.8,8.33,0.29,0.1,2.47,7.1,9,2014.6666666666667
2014,September,BUSO-BUSO,31.0,8.17,0.25,0.1,2.47,7.0,9,2014.6666666666667
2014,September,BAÑAGA,30.0,8.08,0.16,0.1,2.47,6.7,9,2014.6666666666667
2014,September,BILIBINWANG,31.0,8.25,0.18,0.1,2.47,6.1,9,2014.6666666666667
2014,September,SUBIC-ILAYA,29.8,7.92,0.23,0.1,2.47,5.2,9,2014.6666666666667
2014,September,SAN NICOLAS,29.8,8.08,0.21,0.1,2.47,7.2,9,2014.6666666666667
2014,September,MATAAS NA KAHOY,29.8,8.08,0.18,0.1,2.47,7.3,9,2014.6666666666667
2014,September,TANAUAN,29.2,7.92,0.3,0.1,2.47,8.0,9,2014.6666666666667
2014,October,AYA,32.0,8.5,0.35,0.1,2.47,8.0,10,2014.75
2014,October,TUMAWAY,32.0,8.5,0.29,0.1,2.47,9.0,10,2014.75
2014,October,SAMPALOC,32.8,8.5,0.28,0.1,2.47,6.9,10,2014.75
2014,October,BERINAYAN,33.5,9.0,0.54,0.1,2.47,8.3,10,2014.75
2014,October,BALAKILONG,32.8,9.0,0.21,0.1,2.47,7.2,10,2014.75
2014,October,BUSO-BUSO,32.3,8.5,0.34,0.1,2.47,5.9,10,2014.75
2014,October,BAÑAGA,32.1,8.5,0.22,0.1,2.47,5.1,10,2014.75
2014,October,BILIBINWANG,32.2,8.5,0.16,0.1,2.47,5.8,10,2014.75
2014,October,SUBIC-ILAYA,32.0,8.5,0.28,0.1,2.47,6.9,10,2014.75
2014,October,SAN NICOLAS,32.0,9.0,0.32,0.1,2.47,8.4,10,2014.75
2014,October,MATAAS NA KAHOY,31.0,8.5,0.25,0.1,2.47,8.3,10,2014.75
2014,October,TANAUAN,30.8,9.0,0.34,0.1,2.47,8.0,10,2014.75
2014,November,AYA,28.2,8.0,0.18,0.1,2.47,5.1,11,2014.8333333333333
2014,November,TUMAWAY,28.25,8.5,0.17,0.1,2.47,5.2,11,2014.8333333333333
2014,November,SAMPALOC,28.75,8.0,0.42,0.1,2.47,5.0,11,2014.8333333333333
2014,November,BERINAYAN,28.8,8.5,0.45,0.1,2.47,4.3,11,2014.8333333333333
2014,November,BALAKILONG,29.0,8.0,0.24,0.1,2.47,5.2,11,2014.8333333333333
2014,November,BUSO-BUSO,29.0,8.25,0.4,0.1,2.47,4.6,11,2014.8333333333333
2014,November,BAÑAGA,29.0,7.75,0.19,0.1,2.47,4.3,11,2014.8333333333333
2014,November,BILIBINWANG,28.75,8.0,0.31,0.1,2.47,3.5,11,2014.8333333333333
2014,November,SUBIC-ILAYA,28.5,8.5,0.21,0.1,2.47,5.7,11,2014.8333333333333
2014,November,SAN NICOLAS,28.6,8.5,0.2,0.1,2.47,6.7,11,2014.8333333333333
2014,November,MATAAS NA KAHOY,28.3,8.5,0.25,0.1,2.47,5.5,11,2014.8333333333333
2014,November,TANAUAN,28.0,8.25,0.19,0.1,2.47,5.5,11,2014.8333333333333
2014,December,AYA,27.6,8.5,0.24,0.1,2.47,8.9,12,2014.9166666666667
2014,December,TUMAWAY,27.5,8.5,0.27,0.1,2.47,8.9,12,2014.9166666666667
2014,December,BERINAYAN,28.25,8.0,0.36,0.1,2.47,8.2,12,2014.9166666666667
2014,December,BALAKILONG,28.25,8.0,0.29,0.1,2.47,8.3,12,2014.9166666666667
2014,December,BUSO-BUSO,27.9,8.0,0.44,0.1,2.47,7.7,12,2014.9166666666667
2014,December,BAÑAGA,28.0,8.0,0.23,0.1,2.47,7.3,12,2014.9166666666667
2014,December,BILIBINWANG,28.0,8.0,0.26,0.1,2.47,7.0,12,2014.9166666666667
2014,December,SUBIC-ILAYA,28.25,8.5,0.32,0.1,2.47,10.1,12,2014.9166666666667
2015,January,SAMPALOC,28.6,7.75,0.42,0.1,2.47,6.7,1,2015.0
2015,January,BERINAYAN,28.8,7.5,0.2,0.1,2.47,6.5,1,2015.0
2015,January,BALAKILONG,28.5,8.0,0.17,0.1,2.47,7.0,1,2015.0
2015,January,BUSO-BUSO,27.8,7.75,0.23,0.1,2.47,7.1,1,2015.0
2015,January,BAÑAGA,27.6,7.75,0.19,0.1,2.47,3.1,1,2015.0
2015,January,BILIBINWANG,26.9,7.75,0.22,0.1,2.47,3.9,1,2015.0
2015,January,SUBIC-ILAYA,26.8,8.0,0.18,0.1,2.47,3.1,1,2015.0
2015,February,AYA,26.0,8.0,0.32,0.1,2.47,7.4,2,2015.0833333333333
2015,February,TUMAWAY,27.9,8.0,0.2,0.1,2.47,6.9,2,2015.0833333333333
2015,February,SAMPALOC,26.8,8.0,0.26,0.1,2.47,8.0,2,2015.0833333333333
2015,February,BERINAYAN,27.0,8.0,0.24,0.1,2.47,9.5,2,2015.0833333333333
2015,February,BALAKILONG,27.0,7.75,0.33,0.1,2.47,7.4,2,2015.0833333333333
2015,February,BUSO-BUSO,27.5,7.75,0.45,0.1,2.47,8.6,2,2015.0833333333333
2015,February,BAÑAGA,27.2,8.0,0.34,0.1,2.47,10.1,2,2015.0833333333333
2015,February,BILIBINWANG,26.8,8.0,0.31,0.1,2.47,9.6,2,2015.0833333333333
2015,February,SUBIC-ILAYA,27.0,7.75,0.52,0.1,2.47,9.3,2,2015.0833333333333
2015,February,SAN NICOLAS,26.8,8.0,0.27,0.1,2.47,9.5,2,2015.0833333333333
2015,February,MATAAS NA KAHOY,26.2,8.0,0.25,0.1,2.47,7.6,2,2015.0833333333333
2015,February,TANAUAN,26.0,8.25,0.25,0.1,2.47,7.2,2,2015.0833333333333
2015,March,AYA,26.3,8.0,0.13,0.1,2.47,5.0,3,2015.1666666666667
2015,March,TUMAWAY,26.4,8.5,0.15,0.1,2.47,4.3,3,2015.1666666666667
2015,March,SAMPALOC,26.8,7.75,0.13,0.1,2.47,5.0,3,2015.1666666666667
2015,March,BERINAYAN,27.5,8.25,0.14,0.1,2.47,5.0,3,2015.1666666666667
2015,March,BALAKILONG,27.8,8.25,0.14,0.1,2.47,6.2,3,2015.1666666666667
2015,March,BUSO-BUSO,28.0,8.25,0.11,0.1,2.47,4.7,3,2015.1666666666667
2015,March,BAÑAGA,27.5,7.75,0.12,0.1,2.47,5.4,3,2015.1666666666667
2015,March,BILIBINWANG,27.8,8.0,0.12,0.1,2.47,4.7,3,2015.1666666666667
2015,March,SUBIC-ILAYA,27.8,8.5,0.12,0.1,2.47,6.0,3,2015.1666666666667
2015,March,SAN NICOLAS,27.7,8.25,0.12,0.1,2.47,5.9,3,2015.1666666666667
2015,March,MATAAS NA KAHOY,26.4,8.0,0.13,0.1,2.47,5.1,3,2015.1666666666667
2015,March,TANAUAN,26.5,8.5,0.13,0.1,2.47,6.1,3,2015.1666666666667
2015,April,AYA,28.8,8.5,0.19,0.1,2.47,7.4,4,2015.25
2015,April,TUMAWAY,28.2,8.5,0.22,0.1,2.47,6.4,4,2015.25
2015,April,SAMPALOC,28.6,8.5,0.34,0.1,2.47,6.0,4,2015.25
2015,April,BERINAYAN,29.0,8.5,0.23,0.1,2.47,6.0,4,2015.25
2015,April,BALAKILONG,29.2,8.5,0.27,0.1,2.47,5.1,4,2015.25
2015,April,BUSO-BUSO,29.2,8.5,0.27,0.1,2.47,5.5,4,2015.25
2015,April,BAÑAGA,29.2,8.5,0.26,0.1,2.47,5.4,4,2015.25
2015,April,BILIBINWANG,29.2,8.25,0.36,0.1,2.47,5.1,4,2015.25
2015,April,SUBIC-ILAYA,29.0,8.25,0.24,0.1,2.47,5.5,4,2015.25
2015,April,SAN NICOLAS,28.8,8.25,0.3,0.1,2.47,6.6,4,2015.25
2015,April,MATAAS NA KAHOY,28.0,8.5,0.24,0.1,2.47,4.2,4,2015.25
2015,April,TANAUAN,27.8,8.5,0.25,0.1,2.47,3.7,4,2015.25
2015,May,AYA,32.0,8.0,0.25,0.1,2.47,7.6,5,2015.3333333333333
2015,May,TUMAWAY,32.0,8.5,0.29,0.1,2.47,7.6,5,2015.3333333333333
2015,May,SAMPALOC,31.9,8.5,0.27,0.1,2.47,7.0,5,2015.3333333333333
2015,May,BERINAYAN,32.0,9.0,0.28,0.1,2.47,5.3,5,2015.3333333333333
2015,May,BALAKILONG,31.8,8.5,0.27,0.1,2.47,5.8,5,2015.3333333333333
2015,May,BUSO-BUSO,30.3,8.5,0.55,0.1,2.47,6.0,5,2015.3333333333333
2015,May,BAÑAGA,31.4,8.75,0.28,0.1,2.47,5.6,5,2015.3333333333333
2015,May,BILIBINWANG,30.0,8.25,0.25,0.1,2.47,7.8,5,2015.3333333333333
2015,May,SUBIC-ILAYA,29.4,8.0,0.26,0.1,2.47,6.7,5,2015.3333333333333
2015,May,SAN NICOLAS,30.8,9.0,0.24,0.1,2.47,7.5,5,2015.3333333333333
2015,May,MATAAS NA KAHOY,29.5,8.5,0.25,0.1,2.47,6.9,5,2015.3333333333333
2015,May,TANAUAN,29.7,8.25,0.24,0.1,2.47,6.1,5,2015.3333333333333
2015,June,AYA,32.0,8.75,0.23,0.1,2.47,5.46,6,2015.4166666666667
2015,June,TUMAWAY,32.3,8.5,0.23,0.1,2.47,5.65,6,2015.4166666666667
2015,June,SAMPALOC,32.8,8.75,0.24,0.1,2.47,5.76,6,2015.4166666666667
2015,June,BERINAYAN,33.0,8.75,0.24,0.1,2.47,5.53,6,2015.4166666666667
2015,June,BALAKILONG,33.1,8.75,0.22,0.1,2.47,6.31,6,2015.4166666666667
2015,June,BUSO-BUSO,32.0,8.75,0.23,0.1,2.47,6.06,6,2015.4166666666667
2015,June,BAÑAGA,32.3,8.75,0.24,0.1,2.47,5.55,6,2015.4166666666667
2015,June,BILIBINWANG,32.0,8.5,0.26,0.1,2.47,5.08,6,2015.4166666666667
2015,June,SUBIC-ILAYA,31.9,8.75,0.25,0.1,2.47,6.6,6,2015.4166666666667
2015,June,SAN NICOLAS,31.6,8.75,0.21,0.1,2.47,6.63,6,2015.4166666666667
2015,June,MATAAS NA KAHOY,30.8,8.5,0.21,0.1,2.47,6.01,6,2015.4166666666667
2015,June,TANAUAN,31.6,8.75,0.21,0.1,2.47,6.52,6,2015.4166666666667
2015,July,AYA,30.3,8.75,0.0,0.1,2.47,7.18,7,2015.5
2015,July,TUMAWAY,30.4,8.75,0.0,0.1,2.47,5.8,7,2015.5
2015,July,SAMPALOC,30.6,8.75,0.0,0.1,2.47,4.96,7,2015.5
2015,July,BERINAYAN,30.9,8.5,0.0,0.1,2.47,4.2,7,2015.5
2015,July,BALAKILONG,31.3,8.75,0.0,0.1,2.47,5.2,7,2015.5
2015,July,BUSO-BUSO,31.2,8.75,0.0,0.1,2.47,5.18,7,2015.5
2015,July,BAÑAGA,31.2,8.5,0.0,0.1,2.47,4.33,7,2015.5
2015,July,BILIBINWANG,31.1,8.75,0.0,0.1,2.47,4.67,7,2015.5
2015,July,SUBIC-ILAYA,30.0,8.75,0.0,0.1,2.47,5.4,7,2015.5
2015,July,SAN NICOLAS,31.5,8.75,0.0,0.1,2.47,5.85,7,2015.5
2015,July,MATAAS NA KAHOY,30.0,8.75,0.0,0.1,2.47,5.93,7,2015.5
2015,July,TANAUAN,30.7,8.5,0.0,0.1,2.47,5.93,7,2015.5
2015,August,AYA,30.1,8.25,0.41,0.1,2.47,5.92,8,2015.5833333333333
2015,August,TUMAWAY,30.4,8.75,0.33,0.1,2.47,5.95,8,2015.5833333333333
2015,August,SAMPALOC,29.8,8.75,0.44,0.1,2.47,5.22,8,2015.5833333333333
2015,August,BERINAYAN,29.9,8.5,0.5,0.1,2.47,4.37,8,2015.5833333333333
2015,August,BALAKILONG,29.9,8.5,0.35,0.1,2.47,4.07,8,2015.5833333333333
2015,August,BUSO-BUSO,30.0,8.25,0.4,0.1,2.47,5.12,8,2015.5833333333333
2015,August,BAÑAGA,30.0,8.5,0.38,0.1,2.47,3.99,8,2015.5833333333333
2015,August,BILIBINWANG,30.1,8.25,0.33,0.1,2.47,3.37,8,2015.5833333333333
2015,August,SUBIC-ILAYA,29.8,8.5,0.45,0.1,2.47,5.1,8,2015.5833333333333
2015,August,SAN NICOLAS,30.3,8.5,0.33,0.1,2.47,5.71,8,2015.5833333333333
2015,August,MATAAS NA KAHOY,30.8,8.25,0.28,0.1,2.47,6.64,8,2015.5833333333333
2015,August,TANAUAN,32.2,8.75,0.33,0.1,2.47,6.22,8,2015.5833333333333
2015,September,AYA,31.5,8.94,0.06,0.1,2.47,9.6,9,2015.6666666666667
2015,September,TUMAWAY,31.5,8.95,0.05,0.1,2.47,7.99,9,2015.6666666666667
2015,September,SAMPALOC,31.0,8.74,0.14,0.1,2.47,5.0,9,2015.6666666666667
2015,September,BERINAYAN,31.2,8.82,0.15,0.1,2.47,7.1,9,2015.6666666666667
2015,September,BALAKILONG,31.0,8.8,0.02,0.1,2.47,7.5,9,2015.6666666666667
2015,September,BUSO-BUSO,31.6,8.67,0.1,0.1,2.47,4.1,9,2015.6666666666667
2015,September,BAÑAGA,31.5,8.72,0.03,0.1,2.47,5.36,9,2015.6666666666667
2015,September,BILIBINWANG,32.0,8.77,0.08,0.1,2.47,4.75,9,2015.6666666666667
2015,September,SUBIC-ILAYA,31.8,8.87,0.08,0.1,2.47,4.88,9,2015.6666666666667
2015,September,SAN NICOLAS,32.3,8.94,0.0,0.1,2.47,4.97,9,2015.6666666666667
2015,September,MATAAS NA KAHOY,32.4,8.92,0.01,0.1,2.47,5.04,9,2015.6666666666667
2015,September,TANAUAN,31.3,8.95,0.07,0.1,2.47,5.65,9,2015.6666666666667
2015,October,AYA,29.5,8.54,0.38,0.1,2.47,5.25,10,2015.75
2015,October,TUMAWAY,29.5,8.61,0.33,0.1,2.47,5.9,10,2015.75
2015,October,SAMPALOC,29.0,8.7,0.53,0.1,2.47,5.94,10,2015.75
2015,October,BERINAYAN,30.0,8.51,0.35,0.1,2.47,5.81,10,2015.75
2015,October,BALAKILONG,29.5,8.79,0.26,0.1,2.47,6.18,10,2015.75
2015,October,BUSO-BUSO,29.0,8.74,0.26,0.1,2.47,5.54,10,2015.75
2015,October,BAÑAGA,29.5,8.88,0.27,0.1,2.47,5.28,10,2015.75
2015,October,BILIBINWANG,29.5,8.64,0.24,0.1,2.47,5.69,10,2015.75
2015,October,SUBIC-ILAYA,29.5,8.65,0.31,0.1,2.47,6.11,10,2015.75
2015,October,SAN NICOLAS,29.0,8.8,0.28,0.1,2.47,6.78,10,2015.75
2015,October,MATAAS NA KAHOY,29.0,8.56,0.23,0.1,2.47,6.13,10,2015.75
2015,October,TANAUAN,29.5,8.93,0.35,0.1,2.47,6.24,10,2015.75
2015,November,AYA,29.0,7.24,0.0,0.1,2.47,5.62,11,2015.8333333333333
2015,November,TUMAWAY,29.2,7.19,0.02,0.1,2.47,5.87,11,2015.8333333333333
2015,November,SAMPALOC,29.8,7.18,0.44,0.1,2.47,5.74,11,2015.8333333333333
2015,November,BERINAYAN,29.2,7.23,0.36,0.1,2.47,5.79,11,2015.8333333333333
2015,November,BALAKILONG,29.0,7.21,0.18,0.1,2.47,5.92,11,2015.8333333333333
2015,November,BUSO-BUSO,29.0,7.17,0.41,0.1,2.47,5.63,11,2015.8333333333333
2015,November,BAÑAGA,29.4,7.19,0.33,0.1,2.47,5.67,11,2015.8333333333333
2015,November,BILIBINWANG,29.2,7.25,0.27,0.1,2.47,5.78,11,2015.8333333333333
2015,November,SUBIC-ILAYA,29.0,7.34,0.25,0.1,2.47,6.3,11,2015.8333333333333
2015,November,SAN NICOLAS,28.2,7.24,0.27,0.1,2.47,3.93,11,2015.8333333333333
2015,November,MATAAS NA KAHOY,28.5,7.21,0.25,0.1,2.47,4.18,11,2015.8333333333333
2015,November,TANAUAN,27.9,7.21,0.54,0.1,2.47,5.38,11,2015.8333333333333
2015,December,AYA,28.8,8.75,0.12,0.1,2.47,5.66,12,2015.9166666666667
2015,December,TUMAWAY,28.5,8.25,0.16,0.1,2.47,5.97,12,2015.9166666666667
2015,December,SAMPALOC,28.0,8.5,0.33,0.1,2.47,5.9,12,2015.9166666666667
2015,December,BERINAYAN,29.0,8.5,0.22,0.1,2.47,5.73,12,2015.9166666666667
2015,December,BALAKILONG,28.8,8.25,0.1,0.1,2.47,6.53,12,2015.9166666666667
2015,December,BUSO-BUSO,28.8,8.25,0.37,0.1,2.47,6.25,12,2015.9166666666667
2015,December,BAÑAGA,29.0,8.25,0.15,0.1,2.47,5.22,12,2015.9166666666667
2015,December,BILIBINWANG,29.0,8.25,0.15,0.1,2.47,4.41,12,2015.9166666666667
2015,December,SUBIC-ILAYA,28.3,8.5,0.2,0.1,2.47,5.99,12,2015.9166666666667
2015,December,SAN NICOLAS,28.5,8.5,0.1,0.1,2.47,6.11,12,2015.9166666666667
2015,December,MATAAS NA KAHOY,28.1,8.25,0.12,0.1,2.47,6.17,12,2015.9166666666667
2015,December,TANAUAN,28.0,8.5,0.14,0.1,2.47,4.59,12,2015.9166666666667
2016,January,AYA,26.8,8.0,0.16,0.1,2.47,3.87,1,2016.0
2016,January,TUMAWAY,26.8,8.25,0.23,0.1,2.47,3.78,1,2016.0
2016,January,SAMPALOC,27.3,8.0,0.35,0.1,2.47,3.6,1,2016.0
2016,January,BERINAYAN,27.2,7.75,0.45,0.1,2.47,3.55,1,2016.0
2016,January,BALAKILONG,27.4,8.25,0.25,0.1,2.47,4.07,1,2016.0
2016,January,BUSO-BUSO,27.2,8.0,0.34,0.1,2.47,3.67,1,2016.0
2016,January,BAÑAGA,27.3,8.0,0.25,0.1,2.47,3.39,1,2016.0
2016,January,BILIBINWANG,27.2,8.25,0.24,0.1,2.47,3.78,1,2016.0
2016,January,SUBIC-ILAYA,27.0,7.75,0.36,0.1,2.47,4.84,1,2016.0
2016,January,SAN NICOLAS,26.8,8.25,0.19,0.1,2.47,4.97,1,2016.0
2016,January,MATAAS NA KAHOY,27.8,8.25,0.19,0.1,2.47,4.52,1,2016.0
2016,January,TANAUAN,27.5,8.25,0.23,0.1,2.47,4.24,1,2016.0
2016,February,AYA,25.8,7.75,0.17,0.1,2.47,3.65,2,2016.0833333333333
2016,February,TUMAWAY,25.6,8.0,0.2,0.1,2.47,3.74,2,2016.0833333333333
2016,February,SAMPALOC,26.0,7.75,0.38,0.1,2.47,4.21,2,2016.0833333333333
2016,February,BERINAYAN,26.0,8.0,0.27,0.1,2.47,5.16,2,2016.0833333333333
2016,February,BALAKILONG,26.0,8.0,0.18,0.1,2.47,5.31,2,2016.0833333333333
2016,February,BUSO-BUSO,26.0,8.0,0.24,0.1,2.47,4.95,2,2016.0833333333333
2016,February,BAÑAGA,26.0,8.0,0.13,0.1,2.47,4.68,2,2016.0833333333333
2016,February,BILIBINWANG,26.1,8.0,0.17,0.1,2.47,4.28,2,2016.0833333333333
2016,February,SUBIC-ILAYA,26.0,8.25,0.12,0.1,2.47,6.36,2,2016.0833333333333
2016,February,SAN NICOLAS,25.9,8.25,0.12,0.1,2.47,7.44,2,2016.0833333333333
2016,February,MATAAS NA KAHOY,25.3,8.25,0.1,0.1,2.47,5.31,2,2016.0833333333333
2016,February,TANAUAN,25.4,8.0,0.16,0.1,2.47,4.18,2,2016.0833333333333
2016,March,AYA,28.8,8.75,0.21,0.1,2.47,6.9,3,2016.1666666666667
2016,March,TUMAWAY,29.7,8.5,0.22,0.1,2.47,6.78,3,2016.1666666666667
2016,March,SAMPALOC,27.8,8.25,0.39,0.1,2.47,3.41,3,2016.1666666666667
2016,March,BERINAYAN,27.1,8.0,0.25,0.1,2.47,2.49,3,2016.1666666666667
2016,March,BALAKILONG,27.6,8.25,0.25,0.1,2.47,2.48,3,2016.1666666666667
2016,March,BUSO-BUSO,27.9,8.5,0.2,0.1,2.47,2.96,3,2016.1666666666667
2016,March,BAÑAGA,28.2,8.5,0.18,0.1,2.47,3.45,3,2016.1666666666667
2016,March,BILIBINWANG,28.4,8.75,0.18,0.1,2.47,4.18,3,2016.1666666666667
2016,March,SUBIC-ILAYA,27.4,8.5,0.16,0.1,2.47,4.31,3,2016.1666666666667
2016,March,SAN NICOLAS,27.6,8.75,0.16,0.1,2.47,5.52,3,2016.1666666666667
2016,March,MATAAS NA KAHOY,28.2,8.75,0.1,0.1,2.47,7.33,3,2016.1666666666667
2016,March,TANAUAN,29.7,8.75,0.46,0.1,2.47,6.7,3,2016.1666666666667
2016,April,AYA,28.4,8.75,0.32,0.1,2.47,7.55,4,2016.25
2016,April,TUMAWAY,28.4,8.75,0.29,0.1,2.47,7.86,4,2016.25
2016,April,SAMPALOC,29.6,8.5,0.39,0.1,2.47,7.57,4,2016.25
2016,April,BERINAYAN,29.8,8.75,0.26,0.1,2.47,7.17,4,2016.25
2016,April,BALAKILONG,29.8,8.75,0.27,0.1,2.47,8.35,4,2016.25
2016,April,BUSO-BUSO,29.4,8.75,0.44,0.1,2.47,7.22,4,2016.25
2016,April,BAÑAGA,29.7,8.25,0.28,0.1,2.47,6.78,4,2016.25
2016,April,BILIBINWANG,29.6,8.5,0.24,0.1,2.47,6.62,4,2016.25
2016,April,SUBIC-ILAYA,29.2,9.25,0.28,0.1,2.47,8.77,4,2016.25
2016,April,SAN NICOLAS,29.6,9.25,0.27,0.1,2.47,9.72,4,2016.25
2016,April,MATAAS NA KAHOY,28.0,9.25,0.29,0.1,2.47,6.35,4,2016.25
2016,April,TANAUAN,28.2,9.25,0.7,0.1,2.47,10.26,4,2016.25
2016,May,AYA,30.0,8.75,0.36,0.1,2.47,5.56,5,2016.3333333333333
2016,May,TUMAWAY,30.0,8.75,0.15,0.1,2.47,5.54,5,2016.3333333333333
2016,May,SAMPALOC,32.5,8.73,0.28,0.1,2.47,5.42,5,2016.3333333333333
2016,May,BERINAYAN,32.2,8.76,0.48,0.1,2.47,6.01,5,2016.3333333333333
2016,May,BALAKILONG,32.1,8.77,0.26,0.1,2.47,6.02,5,2016.3333333333333
2016,May,BUSO-BUSO,32.0,8.69,0.36,0.1,2.47,5.06,5,2016.3333333333333
2016,May,BAÑAGA,31.9,8.62,0.36,0.1,2.47,3.52,5,2016.3333333333333
2016,May,BILIBINWANG,32.1,8.67,0.35,0.1,2.47,4.28,5,2016.3333333333333
2016,May,SUBIC-ILAYA,32.1,8.9,0.26,0.1,2.47,6.23,5,2016.3333333333333
2016,May,SAN NICOLAS,32.0,8.88,0.26,0.1,2.47,5.94,5,2016.3333333333333
2016,May,MATAAS NA KAHOY,31.5,8.67,0.3,0.1,2.47,3.42,5,2016.3333333333333
2016,May,TANAUAN,32.0,8.86,0.3,0.1,2.47,6.37,5,2016.3333333333333
2016,June,AYA,30.7,8.44,0.2,0.1,2.47,6.46,6,2016.4166666666667
2016,June,TUMAWAY,30.0,8.47,0.2,0.1,2.47,6.26,6,2016.4166666666667
2016,June,SAMPALOC,30.8,8.43,0.18,0.1,2.47,5.08,6,2016.4166666666667
2016,June,BERINAYAN,30.5,8.27,0.16,0.1,2.47,2.77,6,2016.4166666666667
2016,June,BALAKILONG,30.7,8.22,0.11,0.1,2.47,2.52,6,2016.4166666666667
2016,June,BUSO-BUSO,30.5,8.28,0.27,0.1,2.47,3.65,6,2016.4166666666667
2016,June,BAÑAGA,30.9,8.32,0.22,0.1,2.47,4.04,6,2016.4166666666667
2016,June,BILIBINWANG,30.5,8.27,0.2,0.1,2.47,3.95,6,2016.4166666666667
2016,June,SUBIC-ILAYA,30.2,8.32,0.19,0.1,2.47,3.4,6,2016.4166666666667
2016,June,SAN NICOLAS,30.8,8.37,0.15,0.1,2.47,4.31,6,2016.4166666666667
2016,June,MATAAS NA KAHOY,31.3,8.53,0.18,0.1,2.47,6.53,6,2016.4166666666667
2016,June,TANAUAN,31.5,8.55,0.34,0.1,2.47,7.12,6,2016.4166666666667
2016,July,AYA,32.8,8.63,0.33,0.1,2.47,7.16,7,2016.5
2016,July,TUMAWAY,31.9,8.69,0.29,0.1,2.47,7.4,7,2016.5
2016,July,SAMPALOC,32.8,8.63,0.49,0.1,2.47,8.29,7,2016.5
2016,July,BERINAYAN,32.9,8.39,0.42,0.1,2.47,4.95,7,2016.5
2016,July,BALAKILONG,32.7,8.39,0.24,0.1,2.47,5.53,7,2016.5
2016,July,BUSO-BUSO,31.8,8.55,0.37,0.1,2.47,7.53,7,2016.5
2016,July,BAÑAGA,31.9,8.27,0.28,0.1,2.47,3.96,7,2016.5
2016,July,BILIBINWANG,31.5,8.29,0.23,0.1,2.47,5.69,7,2016.5
2016,July,SUBIC-ILAYA,30.0,8.36,0.35,0.1,2.47,10.1,7,2016.5
2016,July,SAN NICOLAS,31.8,8.69,0.27,0.1,2.47,10.0,7,2016.5
2016,July,MATAAS NA KAHOY,31.2,8.61,0.21,0.1,2.47,9.1,7,2016.5
2016,July,TANAUAN,28.0,8.59,0.46,0.1,2.47,9.38,7,2016.5
2016,August,AYA,29.5,8.82,0.33,0.1,2.47,7.25,8,2016.5833333333333
2016,August,TUMAWAY,29.5,8.82,0.36,0.1,2.47,7.54,8,2016.5833333333333
2016,August,SAMPALOC,29.2,8.78,0.3,0.1,2.47,6.51,8,2016.5833333333333
2016,August,BERINAYAN,29.2,8.61,0.59,0.1,2.47,4.53,8,2016.5833333333333
2016,August,BALAKILONG,29.3,8.55,0.32,0.1,2.47,4.12,8,2016.5833333333333
2016,August,BUSO-BUSO,29.3,8.69,0.41,0.1,2.47,6.13,8,2016.5833333333333
2016,August,BAÑAGA,29.0,8.66,0.3,0.1,2.47,5.35,8,2016.5833333333333
2016,August,BILIBINWANG,29.5,8.65,0.41,0.1,2.47,5.55,8,2016.5833333333333
2016,August,SUBIC-ILAYA,29.2,8.57,0.43,0.1,2.47,5.62,8,2016.5833333333333
2016,August,SAN NICOLAS,29.3,8.58,0.37,0.1,2.47,6.4,8,2016.5833333333333
2016,August,MATAAS NA KAHOY,29.1,8.68,0.33,0.1,2.47,7.53,8,2016.5833333333333
2016,August,TANAUAN,29.1,8.75,0.36,0.1,2.47,7.57,8,2016.5833333333333
2016,September,AYA,29.5,8.96,0.29,0.1,2.47,8.44,9,2016.6666666666667
2016,September,TUMAWAY,29.8,9.02,0.06,0.1,2.47,8.86,9,2016.6666666666667
2016,September,SAMPALOC,30.5,8.89,0.0,0.1,2.47,7.02,9,2016.6666666666667
2016,September,BERINAYAN,29.3,8.75,0.09,0.1,2.47,5.07,9,2016.6666666666667
2016,September,BALAKILONG,30.2,8.77,0.04,0.1,2.47,5.2,9,2016.6666666666667
2016,September,BUSO-BUSO,30.0,8.82,0.06,0.1,2.47,6.42,9,2016.6666666666667
2016,September,BAÑAGA,30.5,8.75,0.04,0.1,2.47,5.45,9,2016.6666666666667
2016,September,BILIBINWANG,30.5,8.76,0.04,0.1,2.47,6.11,9,2016.6666666666667
2016,September,SUBIC-ILAYA,30.4,8.79,0.03,0.1,2.47,6.3,9,2016.6666666666667
2016,September,SAN NICOLAS,29.6,8.96,0.09,0.1,2.47,8.52,9,2016.6666666666667
2016,September,MATAAS NA KAHOY,30.6,8.95,0.03,0.1,2.47,8.77,9,2016.6666666666667
2016,September,TANAUAN,29.7,9.04,0.03,0.1,2.47,9.39,9,2016.6666666666667
2016,October,AYA,29.5,8.65,0.1,0.1,2.47,4.46,10,2016.75
2016,October,TUMAWAY,29.5,8.67,0.32,0.1,2.47,4.65,10,2016.75
2016,October,SAMPALOC,29.7,8.55,0.41,0.1,2.47,3.48,10,2016.75
2016,October,BERINAYAN,29.8,8.47,0.45,0.1,2.47,2.51,10,2016.75
2016,October,BALAKILONG,29.7,8.6,0.09,0.1,2.47,3.9,10,2016.75
2016,October,BUSO-BUSO,30.0,8.49,0.25,0.1,2.47,3.88,10,2016.75
2016,October,BAÑAGA,29.8,8.37,0.21,0.1,2.47,2.44,10,2016.75
2016,October,BILIBINWANG,30.1,8.53,0.07,0.1,2.47,4.22,10,2016.75
2016,October,SUBIC-ILAYA,29.7,8.69,0.26,0.1,2.47,5.7,10,2016.75
2016,October,SAN NICOLAS,29.8,8.74,0.24,0.1,2.47,7.24,10,2016.75
2016,October,MATAAS NA KAHOY,30.2,8.75,0.23,0.1,2.47,7.01,10,2016.75
2016,October,TANAUAN,30.1,8.51,0.2,0.1,2.47,7.55,10,2016.75
2016,November,AYA,28.3,7.56,0.37,0.1,2.47,4.48,11,2016.8333333333333
2016,November,TUMAWAY,28.0,7.53,0.35,0.1,2.47,4.81,11,2016.8333333333333
2016,November,SAMPALOC,28.2,7.57,0.5,0.1,2.47,4.52,11,2016.8333333333333
2016,November,BERINAYAN,28.3,7.56,0.46,0.1,2.47,4.09,11,2016.8333333333333
2016,November,BALAKILONG,28.2,7.63,0.23,0.1,2.47,4.71,11,2016.8333333333333
2016,November,BUSO-BUSO,28.2,7.57,0.37,0.1,2.47,4.14,11,2016.8333333333333
2016,November,BAÑAGA,28.2,7.54,0.26,0.1,2.47,3.92,11,2016.8333333333333
2016,November,BILIBINWANG,28.5,7.61,0.39,0.1,2.47,4.47,11,2016.8333333333333
2016,November,SUBIC-ILAYA,28.2,7.72,0.33,0.1,2.47,5.64,11,2016.8333333333333
2016,November,SAN NICOLAS,28.5,7.74,0.35,0.1,2.47,6.23,11,2016.8333333333333
2016,November,MATAAS NA KAHOY,27.9,7.58,0.27,0.1,2.47,5.49,11,2016.8333333333333
2016,November,TANAUAN,28.0,7.36,0.31,0.1,2.47,4.9,11,2016.8333333333333
2016,December,AYA,28.1,7.31,0.5,0.1,2.47,4.84,12,2016.9166666666667
2016,December,TUMAWAY,28.0,7.43,0.43,0.1,2.47,7.43,12,2016.9166666666667
2016,December,SAMPALOC,28.4,7.49,0.79,0.1,2.47,7.49,12,2016.9166666666667
2016,December,BERINAYAN,28.8,7.45,0.55,0.1,2.47,7.45,12,2016.9166666666667
2016,December,BALAKILONG,28.7,7.58,0.29,0.1,2.47,7.58,12,2016.9166666666667
2016,December,BUSO-BUSO,29.0,7.44,0.5,0.1,2.47,7.44,12,2016.9166666666667
2016,December,BAÑAGA,28.9,7.39,0.36,0.1,2.47,7.39,12,2016.9166666666667
2016,December,BILIBINWANG,28.3,7.43,0.32,0.1,2.47,6.11,12,2016.9166666666667
2016,December,SUBIC-ILAYA,28.7,7.65,0.43,0.1,2.47,7.92,12,2016.9166666666667
2016,December,SAN NICOLAS,24.3,7.64,0.42,0.1,2.47,8.18,12,2016.9166666666667
2016,December,MATAAS NA KAHOY,28.2,7.46,0.44,0.1,2.47,7.06,12,2016.9166666666667
2016,December,TANAUAN,27.5,7.18,0.51,0.1,2.47,6.03,12,2016.9166666666667
2017,January,AYA,26.6,6.99,0.16,0.1,2.47,5.51,1,2017.0
2017,January,TUMAWAY,26.5,6.97,0.3,0.1,2.47,4.76,1,2017.0
2017,January,SAMPALOC,27.0,6.96,0.27,0.1,2.47,5.95,1,2017.0
2017,January,BERINAYAN,27.1,7.13,0.2,0.1,2.47,4.22,1,2017.0
2017,January,BALAKILONG,26.9,7.24,0.16,0.1,2.47,4.43,1,2017.0
2017,January,BUSO-BUSO,27.2,7.11,0.18,0.1,2.47,4.08,1,2017.0
2017,January,BAÑAGA,27.0,7.07,0.17,0.1,2.47,3.42,1,2017.0
2017,January,BILIBINWANG,26.7,7.17,0.17,0.1,2.47,4.62,1,2017.0
2017,January,SUBIC-ILAYA,27.2,7.32,0.09,0.1,2.47,6.5,1,2017.0
2017,January,MATAAS NA KAHOY,26.6,7.07,0.18,0.1,2.47,6.03,1,2017.0
2017,January,TANAUAN,26.5,6.93,0.26,0.1,2.47,5.91,1,2017.0
2017,February,AYA,26.1,8.0,0.26,0.1,2.47,4.43,2,2017.0833333333333
2017,February,TUMAWAY,26.2,8.0,0.19,0.1,2.47,4.56,2,2017.0833333333333
2017,February,SAMPALOC,26.5,8.0,0.32,0.1,2.47,5.4,2,2017.0833333333333
2017,February,BERINAYAN,26.3,7.5,0.35,0.1,2.47,6.03,2,2017.0833333333333
2017,February,BUSO-BUSO,26.1,8.0,0.28,0.1,2.47,5.36,2,2017.0833333333333
2017,February,BAÑAGA,25.8,7.75,0.23,0.1,2.47,5.97,2,2017.0833333333333
2017,February,BILIBINWANG,26.1,8.5,0.03,0.1,2.47,5.48,2,2017.0833333333333
2017,February,SUBIC-ILAYA,26.1,8.0,0.25,0.1,2.47,3.02,2,2017.0833333333333
2017,March,AYA,27.5,7.75,0.19,0.1,2.47,3.79,3,2017.1666666666667
2017,March,TUMAWAY,27.2,7.92,0.21,0.1,2.47,3.93,3,2017.1666666666667
2017,March,SAMPALOC,27.0,7.92,0.21,0.1,2.47,3.16,3,2017.1666666666667
2017,March,BERINAYAN,27.1,7.83,0.25,0.1,2.47,4.22,3,2017.1666666666667
2017,March,BALAKILONG,27.2,8.17,0.23,0.1,2.47,6.57,3,2017.1666666666667
2017,March,BUSO-BUSO,27.5,7.92,0.26,0.1,2.47,6.12,3,2017.1666666666667
2017,March,BAÑAGA,27.5,7.92,0.24,0.1,2.47,5.13,3,2017.1666666666667
2017,March,BILIBINWANG,28.0,7.92,0.27,0.1,2.47,3.42,3,2017.1666666666667
2017,March,SUBIC-ILAYA,27.8,7.92,0.24,0.1,2.47,3.99,3,2017.1666666666667
2017,March,MATAAS NA KAHOY,26.5,7.75,0.17,0.1,2.47,3.36,3,2017.1666666666667
2017,March,TANAUAN,26.2,7.75,0.15,0.1,2.47,3.61,3,2017.1666666666667
2017,April,AYA,29.8,8.5,0.18,0.1,2.47,8.56,4,2017.25
2017,April,TUMAWAY,29.8,8.0,0.15,0.1,2.47,6.11,4,2017.25
2017,April,SAMPALOC,29.8,8.25,0.18,0.1,2.47,7.21,4,2017.25
2017,April,BERINAYAN,29.0,8.25,0.15,0.1,2.47,6.47,4,2017.25
2017,April,BALAKILONG,29.2,8.25,0.15,0.1,2.47,6.11,4,2017.25
2017,April,BUSO-BUSO,29.2,8.08,0.2,0.1,2.47,5.41,4,2017.25
2017,April,BAÑAGA,29.0,8.33,0.2,0.1,2.47,5.34,4,2017.25
2017,April,BILIBINWANG,28.7,8.25,0.15,0.1,2.47,6.13,4,2017.25
2017,April,SUBIC-ILAYA,29.0,8.08,0.18,0.1,2.47,6.66,4,2017.25
2017,April,SAN NICOLAS,28.3,8.0,0.19,0.1,2.47,8.14,4,2017.25
2017,April,MATAAS NA KAHOY,28.0,8.08,0.17,0.1,2.47,8.32,4,2017.25
2017,April,TANAUAN,28.0,8.0,0.14,0.1,2.47,9.0,4,2017.25
2017,May,AYA,30.1,7.92,0.25,0.1,2.47,7.02,5,2017.3333333333333
2017,May,TUMAWAY,30.0,8.08,0.13,0.1,2.47,6.89,5,2017.3333333333333
2017,May,SAMPALOC,31.5,7.92,0.17,0.1,2.47,6.41,5,2017.3333333333333
2017,May,BERINAYAN,30.8,8.0,0.24,0.1,2.47,6.6,5,2017.3333333333333
2017,May,BALAKILONG,30.8,8.25,0.14,0.1,2.47,6.85,5,2017.3333333333333
2017,May,BUSO-BUSO,30.1,8.08,0.2,0.1,2.47,6.84,5,2017.3333333333333
2017,May,BAÑAGA,30.1,8.17,0.31,0.1,2.47,5.31,5,2017.3333333333333
2017,May,BILIBINWANG,31.0,7.67,0.36,0.1,2.47,5.35,5,2017.3333333333333
2017,May,SUBIC-ILAYA,30.6,8.08,0.36,0.1,2.47,6.55,5,2017.3333333333333
2017,May,SAN NICOLAS,30.0,8.0,0.11,0.1,2.47,7.42,5,2017.3333333333333
2017,May,MATAAS NA KAHOY,28.9,8.08,0.27,0.1,2.47,7.1,5,2017.3333333333333
2017,May,TANAUAN,30.0,7.75,0.25,0.1,2.47,7.95,5,2017.3333333333333
2017,June,AYA,33.2,8.17,0.9199999999999999,0.1,2.47,6.66,6,2017.4166666666667
2017,June,TUMAWAY,33.2,8.25,0.84,0.1,2.47,7.33,6,2017.4166666666667
2017,June,SAMPALOC,33.0,8.08,0.9199999999999999,0.1,2.47,6.31,6,2017.4166666666667
2017,June,BERINAYAN,32.1,8.17,0.9199999999999999,0.1,2.47,4.6,6,2017.4166666666667
2017,June,BALAKILONG,31.9,8.42,0.9,0.1,2.47,5.67,6,2017.4166666666667
2017,June,BUSO-BUSO,31.8,7.83,0.9199999999999999,0.1,2.47,5.36,6,2017.4166666666667
2017,June,BAÑAGA,32.0,8.0,0.48,0.1,2.47,3.58,6,2017.4166666666667
2017,June,BILIBINWANG,31.2,7.92,0.88,0.1,2.47,3.64,6,2017.4166666666667
2017,June,SUBIC-ILAYA,31.7,8.08,0.57,0.1,2.47,5.09,6,2017.4166666666667
2017,June,SAN NICOLAS,31.0,7.92,0.39,0.1,2.47,5.1,6,2017.4166666666667
2017,June,MATAAS NA KAHOY,31.8,8.17,0.29,0.1,2.47,7.21,6,2017.4166666666667
2017,June,TANAUAN,31.8,7.42,0.18,0.1,2.47,7.93,6,2017.4166666666667
2017,July,AYA,32.0,8.29,0.43,0.1,2.47,4.7,7,2017.5
2017,July,TUMAWAY,32.0,8.37,0.2,0.1,2.47,4.06,7,2017.5
2017,July,SAMPALOC,32.0,8.12,0.54,0.1,2.47,2.14,7,2017.5
2017,July,BERINAYAN,32.0,8.2,0.4,0.1,2.47,2.04,7,2017.5
2017,July,BALAKILONG,32.0,8.47,0.27,0.1,2.47,2.97,7,2017.5
2017,July,BUSO-BUSO,31.7,7.97,0.46,0.1,2.47,3.36,7,2017.5
2017,July,BAÑAGA,31.5,8.26,0.43,0.1,2.47,1.33,7,2017.5
2017,July,BILIBINWANG,31.5,8.22,0.47,0.1,2.47,1.6,7,2017.5
2017,July,SUBIC-ILAYA,31.2,8.26,0.39,0.1,2.47,3.19,7,2017.5
2017,July,SAN NICOLAS,31.2,8.28,0.54,0.1,2.47,5.97,7,2017.5
2017,July,MATAAS NA KAHOY,31.2,8.29,0.53,0.1,2.47,5.3,7,2017.5
2017,July,TANAUAN,31.3,8.39,0.41,0.1,2.47,6.49,7,2017.5
2017,August,AYA,31.3,8.49,0.4,0.1,2.47,5.6,8,2017.5833333333333
2017,August,TUMAWAY,31.2,8.88,0.21,0.1,2.47,6.04,8,2017.5833333333333
2017,August,SAMPALOC,30.3,8.71,0.57,0.1,2.47,4.7,8,2017.5833333333333
2017,August,BERINAYAN,30.5,8.41,0.42,0.1,2.47,2.68,8,2017.5833333333333
2017,August,BALAKILONG,30.0,9.04,0.18,0.1,2.47,4.46,8,2017.5833333333333
2017,August,BUSO-BUSO,30.2,8.76,0.3,0.1,2.47,4.2,8,2017.5833333333333
2017,August,BAÑAGA,30.3,8.97,0.28,0.1,2.47,3.88,8,2017.5833333333333
2017,August,BILIBINWANG,30.1,8.7,0.37,0.1,2.47,4.09,8,2017.5833333333333
2017,August,SUBIC-ILAYA,30.0,8.5,0.41,0.1,2.47,4.37,8,2017.5833333333333
2017,August,SAN NICOLAS,29.3,8.4,0.44,0.1,2.47,5.13,8,2017.5833333333333
2017,August,MATAAS NA KAHOY,29.8,8.47,0.32,0.1,2.47,5.63,8,2017.5833333333333
2017,August,TANAUAN,30.3,8.36,0.37,0.1,2.47,6.0,8,2017.5833333333333
2017,September,AYA,32.0,8.32,0.25,0.1,2.47,5.4,9,2017.6666666666667
2017,September,TUMAWAY,32.0,8.64,0.25,0.1,2.47,5.29,9,2017.6666666666667
2017,September,SAMPALOC,31.5,8.11,0.25,0.1,2.47,4.7,9,2017.6666666666667
2017,September,BERINAYAN,30.7,8.19,0.25,0.1,2.47,5.07,9,2017.6666666666667
2017,September,BALAKILONG,30.9,8.71,0.25,0.1,2.47,4.7,9,2017.6666666666667
2017,September,BUSO-BUSO,30.8,8.31,0.25,0.1,2.47,4.48,9,2017.6666666666667
2017,September,BAÑAGA,30.5,8.66,0.25,0.1,2.47,4.58,9,2017.6666666666667
2017,September,BILIBINWANG,30.5,8.26,0.25,0.1,2.47,4.29,9,2017.6666666666667
2017,September,SUBIC-ILAYA,30.3,8.14,0.25,0.1,2.47,4.44,9,2017.6666666666667
2017,September,SAN NICOLAS,30.2,8.08,0.0,0.1,2.47,4.16,9,2017.6666666666667
2017,September,MATAAS NA KAHOY,30.2,8.2,0.25,0.1,2.47,4.75,9,2017.6666666666667
2017,September,TANAUAN,30.2,8.21,0.25,0.1,2.47,5.51,9,2017.6666666666667
2017,October,AYA,30.4,8.44,0.02,0.1,2.47,3.45,10,2017.75
2017,October,TUMAWAY,30.8,8.38,0.0,0.1,2.47,3.54,10,2017.75
2017,October,SAMPALOC,31.2,8.46,0.05,0.1,2.47,3.54,10,2017.75
2017,October,BERINAYAN,30.9,8.52,0.04,0.1,2.47,2.48,10,2017.75
2017,October,BALAKILONG,30.8,8.96,0.0,0.1,2.47,3.62,10,2017.75
2017,October,BUSO-BUSO,30.6,8.72,0.14,0.1,2.47,2.84,10,2017.75
2017,October,BAÑAGA,30.9,8.43,0.01,0.1,2.47,1.86,10,2017.75
2017,October,BILIBINWANG,30.4,8.85,0.0,0.1,2.47,4.15,10,2017.75
2017,October,SUBIC-ILAYA,30.3,8.39,0.02,0.1,2.47,4.76,10,2017.75
2017,October,SAN NICOLAS,30.2,8.31,0.02,0.1,2.47,6.41,10,2017.75
2017,October,MATAAS NA KAHOY,30.1,8.78,0.03,0.1,2.47,5.84,10,2017.75
2017,October,TANAUAN,29.8,8.44,0.02,0.1,2.47,4.66,10,2017.75
2017,November,AYA,29.2,8.39,0.35,0.1,2.47,4.17,11,2017.8333333333333
2017,November,TUMAWAY,29.2,8.45,0.37,0.1,2.47,4.57,11,2017.8333333333333
2017,November,SAMPALOC,29.7,8.19,0.54,0.1,2.47,4.55,11,2017.8333333333333
2017,November,BERINAYAN,30.4,8.21,0.56,0.1,2.47,4.76,11,2017.8333333333333
2017,November,BALAKILONG,30.2,8.93,0.17,0.1,2.47,6.13,11,2017.8333333333333
2017,November,BUSO-BUSO,30.3,8.37,0.57,0.1,2.47,4.09,11,2017.8333333333333
2017,November,BAÑAGA,29.8,8.79,0.33,0.1,2.47,3.52,11,2017.8333333333333
2017,November,BILIBINWANG,29.7,8.55,0.42,0.1,2.47,4.14,11,2017.8333333333333
2017,November,SUBIC-ILAYA,29.8,8.65,0.37,0.1,2.47,5.42,11,2017.8333333333333
2017,November,SAN NICOLAS,30.2,8.49,0.31,0.1,2.47,6.03,11,2017.8333333333333
2017,November,MATAAS NA KAHOY,29.1,8.43,0.39,0.1,2.47,5.05,11,2017.8333333333333
2017,November,TANAUAN,29.0,8.29,0.52,0.1,2.47,4.75,11,2017.8333333333333
2017,December,AYA,28.5,8.3,0.73,0.1,2.47,5.12,12,2017.9166666666667
2017,December,TUMAWAY,29.8,8.52,0.76,0.1,2.47,5.19,12,2017.9166666666667
2017,December,SAMPALOC,28.8,8.17,0.9199999999999999,0.1,2.47,5.71,12,2017.9166666666667
2017,December,BERINAYAN,29.0,8.24,0.9199999999999999,0.1,2.47,5.58,12,2017.9166666666667
2017,December,BALAKILONG,29.0,8.53,0.69,0.1,2.47,5.41,12,2017.9166666666667
2017,December,BUSO-BUSO,29.3,8.44,0.81,0.1,2.47,4.67,12,2017.9166666666667
2017,December,BAÑAGA,29.0,8.16,0.9199999999999999,0.1,2.47,4.62,12,2017.9166666666667
2017,December,BILIBINWANG,29.9,8.4,0.79,0.1,2.47,4.75,12,2017.9166666666667
2017,December,SUBIC-ILAYA,28.8,8.29,0.38,0.1,2.47,5.44,12,2017.9166666666667
2017,December,SAN NICOLAS,28.8,8.34,0.39,0.1,2.47,6.06,12,2017.9166666666667
2017,December,MATAAS NA KAHOY,28.3,8.35,0.36,0.1,2.47,5.44,12,2017.9166666666667
2017,December,TANAUAN,28.2,8.13,0.47,0.1,2.47,5.0,12,2017.9166666666667
2018,January,QUILING,27.3,8.06,0.56,0.0,2.47,3.37,1,2018.0
2018,January,SAMPALOC,27.8,8.05,0.66,0.0,2.47,4.95,1,2018.0
2018,January,SAN ISIDRO,27.3,8.01,0.56,0.0,2.47,3.6,1,2018.0
2018,January,LEVISTE,27.6,8.02,0.56,0.0,2.47,4.41,1,2018.0
2018,January,BUSO-BUSO,27.7,8.04,0.61,0.0,2.47,3.04,1,2018.0
2018,January,BAÑAGA,27.2,8.0,0.63,0.0,2.47,2.34,1,2018.0
2018,January,MANALAW,27.0,8.19,0.5,0.0,2.47,5.27,1,2018.0
2018,January,PULANG-BATO,26.8,8.11,0.39,0.0,2.47,4.74,1,2018.0
2018,January,TANAUAN,26.5,8.15,0.53,0.0,2.47,4.1,1,2018.0
2018,February,QUILING,26.2,7.9,0.32,0.0,2.47,4.9,2,2018.0833333333333
2018,February,SAMPALOC,26.4,7.8,0.53,0.0,2.47,4.2,2,2018.0833333333333
2018,February,SAN ISIDRO,26.8,7.86,0.5,0.0,2.47,5.6,2,2018.0833333333333
2018,February,LEVISTE,26.8,7.89,0.49,0.0,2.47,3.94,2,2018.0833333333333
2018,February,BUSO-BUSO,26.9,7.7,0.61,0.0,2.47,2.84,2,2018.0833333333333
2018,February,BAÑAGA,29.9,7.78,0.42,0.0,2.47,2.57,2,2018.0833333333333
2018,February,MANALAW,27.0,7.86,0.34,0.0,2.47,3.29,2,2018.0833333333333
2018,February,PULANG-BATO,26.9,8.06,0.3,0.0,2.47,5.23,2,2018.0833333333333
2018,February,TANAUAN,26.7,7.72,0.33,0.0,2.47,4.15,2,2018.0833333333333
2018,March,QUILING,26.8,8.19,0.36,0.1,2.47,5.17,3,2018.1666666666667
2018,March,SAMPALOC,26.8,8.32,0.35,0.1,2.47,5.47,3,2018.1666666666667
2018,March,SAN ISIDRO,27.7,8.16,0.36,0.1,2.47,4.85,3,2018.1666666666667
2018,March,LEVISTE,28.0,8.23,0.36,0.1,2.47,4.59,3,2018.1666666666667
2018,March,BUSO-BUSO,28.2,8.11,0.39,0.1,2.47,5.29,3,2018.1666666666667
2018,March,BAÑAGA,28.8,8.19,0.42,0.1,2.47,3.53,3,2018.1666666666667
2018,March,MANALAW,28.7,8.09,0.36,0.1,2.47,4.64,3,2018.1666666666667
2018,March,PULANG-BATO,28.9,8.13,0.43,0.1,2.47,4.9,3,2018.1666666666667
2018,March,TANAUAN,28.0,8.15,0.34,0.1,2.47,5.14,3,2018.1666666666667
2018,April,QUILING,28.0,8.46,0.0,0.1,2.47,5.74,4,2018.25
2018,April,SAMPALOC,29.1,8.41,0.0,0.1,2.47,4.55,4,2018.25
2018,April,SAN ISIDRO,28.6,8.39,0.0,0.1,2.47,5.49,4,2018.25
2018,April,LEVISTE,29.6,8.32,0.0,0.1,2.47,4.43,4,2018.25
2018,April,BUSO-BUSO,29.6,8.12,0.0,0.1,2.47,3.35,4,2018.25
2018,April,BAÑAGA,28.2,8.08,0.0,0.1,2.47,3.69,4,2018.25
2018,April,MANALAW,28.4,8.33,0.0,0.1,2.47,5.01,4,2018.25
2018,April,PULANG-BATO,28.0,8.34,0.0,0.1,2.47,6.35,4,2018.25
2018,April,TANAUAN,27.4,8.04,0.0,0.1,2.47,6.1,4,2018.25
2018,May,QUILING,28.8,8.27,0.25,0.1,2.47,6.72,5,2018.3333333333333
2018,May,SAMPALOC,29.9,8.31,0.08,0.1,2.47,6.37,5,2018.3333333333333
2018,May,SAN ISIDRO,30.7,8.35,0.03,0.1,2.47,6.39,5,2018.3333333333333
2018,May,LEVISTE,30.7,8.35,0.03,0.1,2.47,6.3,5,2018.3333333333333
2018,May,BUSO-BUSO,30.5,8.42,0.07,0.1,2.47,5.21,5,2018.3333333333333
2018,May,BAÑAGA,31.3,8.38,0.02,0.1,2.47,5.24,5,2018.3333333333333
2018,May,MANALAW,30.6,8.37,0.25,0.1,2.47,5.29,5,2018.3333333333333
2018,May,NANGKAAN,30.8,8.64,0.25,0.1,2.47,7.12,5,2018.3333333333333
2018,May,TANAUAN,30.2,8.52,0.02,0.1,2.47,7.77,5,2018.3333333333333
2018,June,QUILING,31.8,8.39,0.25,0.0,2.47,5.64,6,2018.4166666666667
2018,June,SAMPALOC,31.7,7.99,0.49,0.0,2.47,4.38,6,2018.4166666666667
2018,June,SAN ISIDRO,32.0,8.33,0.31,0.0,2.47,5.47,6,2018.4166666666667
2018,June,LEVISTE,31.3,8.26,0.41,0.0,2.47,4.53,6,2018.4166666666667
2018,June,BUSO-BUSO,31.2,8.2,0.48,0.0,2.47,3.51,6,2018.4166666666667
2018,June,BAÑAGA,32.0,8.44,0.39,0.0,2.47,3.61,6,2018.4166666666667
2018,June,MANALAW,31.6,8.58,0.38,0.0,2.47,3.74,6,2018.4166666666667
2018,June,NANGKAAN,31.0,8.33,0.29,0.0,2.47,5.83,6,2018.4166666666667
2018,June,TANAUAN,30.8,8.3,0.37,0.0,2.47,5.68,6,2018.4166666666667
2018,July,QUILING,31.5,8.23,0.17,0.0,2.47,5.92,7,2018.5
2018,July,SAMPALOC,29.3,8.24,0.37,0.0,2.47,5.08,7,2018.5
2018,July,SAN ISIDRO,30.8,8.32,0.28,0.0,2.47,6.05,7,2018.5
2018,July,LEVISTE,30.4,8.33,0.25,0.0,2.47,4.73,7,2018.5
2018,July,BUSO-BUSO,30.8,8.31,0.31,0.0,2.47,3.29,7,2018.5
2018,July,BAÑAGA,30.4,8.33,0.24,0.0,2.47,4.95,7,2018.5
2018,July,MANALAW,30.0,8.34,0.37,0.0,2.47,5.21,7,2018.5
2018,July,NANGKAAN,29.4,8.34,0.28,0.0,2.47,5.84,7,2018.5
2018,July,TANAUAN,30.4,8.22,0.25,0.0,2.47,6.23,7,2018.5
2018,August,QUILING,30.6,8.66,0.23,0.0,2.47,8.79,8,2018.5833333333333
2018,August,SAMPALOC,29.0,8.45,0.51,0.0,2.47,4.44,8,2018.5833333333333
2018,August,SAN ISIDRO,30.2,8.52,0.88,0.0,2.47,6.86,8,2018.5833333333333
2018,August,LEVISTE,30.0,8.33,0.34,0.0,2.47,4.75,8,2018.5833333333333
2018,August,BUSO-BUSO,29.8,8.25,0.42,0.0,2.47,3.47,8,2018.5833333333333
2018,August,BAÑAGA,29.4,8.21,0.31,0.0,2.47,4.26,8,2018.5833333333333
2018,August,MANALAW,29.7,8.22,0.2,0.0,2.47,4.13,8,2018.5833333333333
2018,August,NANGKAAN,29.5,8.21,0.22,0.0,2.47,7.88,8,2018.5833333333333
2018,August,TANAUAN,30.2,8.24,0.22,0.0,2.47,9.23,8,2018.5833333333333
2018,September,QUILING,29.5,8.11,0.25,0.0,2.47,9.26,9,2018.6666666666667
2018,September,SAMPALOC,29.1,8.28,0.46,0.0,2.47,7.22,9,2018.6666666666667
2018,September,SAN ISIDRO,29.0,8.28,0.4,0.0,2.47,6.2,9,2018.6666666666667
2018,September,LEVISTE,29.9,8.26,0.35,0.0,2.47,5.49,9,2018.6666666666667
2018,September,BUSO-BUSO,28.9,8.23,0.5,0.0,2.47,3.54,9,2018.6666666666667
2018,September,BAÑAGA,29.1,8.34,0.55,0.14,2.47,2.73,9,2018.6666666666667
2018,September,MANALAW,29.0,8.37,0.2,0.09,2.47,3.51,9,2018.6666666666667
2018,September,NANGKAAN,29.0,8.34,0.55,0.03,2.47,8.64,9,2018.6666666666667
2018,September,TANAUAN,29.0,8.24,0.34,0.06,2.47,10.66,9,2018.6666666666667
2018,October,QUILING,30.2,8.0,0.32,0.07,2.47,9.34,10,2018.75
2018,October,SAMPALOC,31.0,7.67,0.56,0.04,2.47,7.22,10,2018.75
2018,October,SAN ISIDRO,30.6,8.0,0.29,0.04,2.47,6.33,10,2018.75
2018,October,LEVISTE,31.2,8.08,0.25,0.13,2.47,5.49,10,2018.75
2018,October,BUSO-BUSO,30.0,8.0,0.46,0.06,2.47,3.54,10,2018.75
2018,October,BAÑAGA,30.7,8.08,0.27,0.14,2.47,2.73,10,2018.75
2018,October,MANALAW,30.4,8.0,0.23,0.1,2.47,3.51,10,2018.75
2018,October,NANGKAAN,30.3,7.92,0.43,0.05,2.47,8.7,10,2018.75
2018,October,TANAUAN,29.0,8.25,0.34,0.01,2.47,10.66,10,2018.75
2018,November,QUILING,29.2,7.83,0.12,0.03,2.47,4.34,11,2018.8333333333333
2018,November,SAMPALOC,29.2,7.58,0.5,0.08,2.47,5.13,11,2018.8333333333333
2018,November,SAN ISIDRO,29.5,7.92,0.37,0.06,2.47,5.07,11,2018.8333333333333
2018,November,LEVISTE,29.4,8.08,0.29,0.07,2.47,5.38,11,2018.8333333333333
2018,November,BUSO-BUSO,29.8,7.83,0.51,0.05,2.47,4.45,11,2018.8333333333333
2018,November,BAÑAGA,29.8,7.92,0.27,0.11,2.47,3.07,11,2018.8333333333333
2018,November,MANALAW,29.4,8.25,0.26,0.14,2.47,4.44,11,2018.8333333333333
2018,November,NANGKAAN,28.3,7.83,0.25,0.12,2.47,4.97,11,2018.8333333333333
2018,November,TANAUAN,28.6,7.75,0.41,0.01,2.47,5.15,11,2018.8333333333333
2018,December,QUILING,27.8,7.92,0.03,0.17,2.47,3.62,12,2018.9166666666667
2018,December,SAMPALOC,27.8,7.67,0.17,0.11,2.47,3.64,12,2018.9166666666667
2018,December,SAN ISIDRO,28.2,7.92,0.1,0.12,2.47,5.28,12,2018.9166666666667
2018,December,LEVISTE,28.1,7.83,0.25,0.19,2.47,4.27,12,2018.9166666666667
2018,December,BUSO-BUSO,28.2,7.92,0.1,0.13,2.47,3.28,12,2018.9166666666667
2018,December,BAÑAGA,29.8,7.92,0.47,0.16,2.47,5.6,12,2018.9166666666667
2018,December,MANALAW,28.2,8.17,0.25,0.1,2.47,4.23,12,2018.9166666666667
2018,December,NANGKAAN,28.0,7.92,0.1,0.06,2.47,5.23,12,2018.9166666666667
2018,December,TANAUAN,28.0,7.42,0.17,0.11,2.47,5.96,12,2018.9166666666667
2019,January,QUILING,26.9,8.06,0.1,0.3,2.47,4.05,1,2019.0
2019,January,SAMPALOC,26.8,8.15,0.29,0.24,2.47,3.42,1,2019.0
2019,January,LEVISTE,26.7,8.24,0.15,0.25,2.47,4.06,1,2019.0
2019,January,BUSO-BUSO,26.8,8.16,0.21,0.24,2.47,2.95,1,2019.0
2019,January,BAÑAGA,26.7,8.18,0.16,0.24,2.47,3.22,1,2019.0
2019,January,MANALAW,26.7,8.2,0.13,0.2,2.47,4.15,1,2019.0
2019,January,TANAUAN,26.3,8.17,0.08,0.24,2.47,3.11,1,2019.0
2019,February,QUILING,26.5,7.75,0.02,0.28,2.47,2.79,2,2019.0833333333333
2019,February,SAMPALOC,26.9,7.75,0.01,0.28,2.47,2.94,2,2019.0833333333333
2019,February,SAN ISIDRO,26.3,7.92,0.03,0.27,2.47,4.3,2,2019.0833333333333
2019,February,LEVISTE,26.8,7.83,0.03,0.26,2.47,3.51,2,2019.0833333333333
2019,February,BUSO-BUSO,26.7,7.83,0.07,0.26,2.47,4.24,2,2019.0833333333333
2019,February,BAÑAGA,26.8,7.92,0.01,0.2,2.47,3.6,2,2019.0833333333333
2019,February,MANALAW,27.0,7.75,0.01,0.16,2.47,3.62,2,2019.0833333333333
2019,February,TANAUAN,26.8,7.83,0.01,0.31,2.47,1.92,2,2019.0833333333333
2019,March,QUILING,27.0,8.0,0.31,0.22,2.47,5.1,3,2019.1666666666667
2019,March,SAMPALOC,27.6,7.83,0.13,0.21,2.47,4.47,3,2019.1666666666667
2019,March,SAN ISIDRO,28.8,8.0,0.12,0.21,2.47,4.68,3,2019.1666666666667
2019,March,LEVISTE,27.6,7.83,0.12,0.23,2.47,6.34,3,2019.1666666666667
2019,March,BUSO-BUSO,27.8,7.83,0.09,0.23,2.47,4.32,3,2019.1666666666667
2019,March,BAÑAGA,27.6,7.83,0.24,0.11,2.47,2.6,3,2019.1666666666667
2019,March,MANALAW,27.8,7.92,0.15,0.11,2.47,5.51,3,2019.1666666666667
2019,March,NANGKAAN,27.0,8.08,0.07,0.15,2.47,6.62,3,2019.1666666666667
2019,March,TANAUAN,26.9,7.92,0.05,0.22,2.47,5.6,3,2019.1666666666667
2019,April,QUILING,28.5,7.92,0.11,0.23,2.47,4.92,4,2019.25
2019,April,SAMPALOC,29.8,8.0,0.09,0.24,2.47,5.83,4,2019.25
2019,April,SAN ISIDRO,29.2,7.92,0.1,0.24,2.47,5.76,4,2019.25
2019,April,LEVISTE,30.0,8.08,0.13,0.29,2.47,5.98,4,2019.25
2019,April,BUSO-BUSO,29.7,8.08,0.34,0.13,2.47,4.85,4,2019.25
2019,April,BAÑAGA,29.6,8.0,0.28,0.17,2.47,3.98,4,2019.25
2019,April,MANALAW,29.8,8.17,0.25,0.22,2.47,4.4,4,2019.25
2019,April,NANGKAAN,28.2,8.33,0.18,0.3,2.47,6.17,4,2019.25
2019,April,TANAUAN,28.2,7.92,0.12,0.22,2.47,5.96,4,2019.25
2019,May,QUILING,32.3,8.25,0.11,0.19,2.47,4.94,5,2019.3333333333333
2019,May,SAMPALOC,32.0,7.92,0.12,0.21,2.47,3.56,5,2019.3333333333333
2019,May,SAN ISIDRO,31.8,7.92,0.18,0.05,2.47,6.29,5,2019.3333333333333
2019,May,LEVISTE,32.0,8.25,0.11,0.11,2.47,4.94,5,2019.3333333333333
2019,May,BUSO-BUSO,31.5,7.92,0.37,0.09,2.47,2.89,5,2019.3333333333333
2019,May,BAÑAGA,32.0,8.33,0.17,0.1,2.47,1.92,5,2019.3333333333333
2019,May,MANALAW,31.5,8.0,0.14,0.1,2.47,2.77,5,2019.3333333333333
2019,May,NANGKAAN,31.9,8.33,0.15,0.25,2.47,5.49,5,2019.3333333333333
2019,May,TANAUAN,31.9,8.33,0.15,0.42,2.47,5.84,5,2019.3333333333333
2019,June,QUILING,31.2,7.92,0.38,0.1,2.47,5.28,6,2019.4166666666667
2019,June,SAMPALOC,31.5,8.17,0.33,0.11,2.47,3.9,6,2019.4166666666667
2019,June,SAN ISIDRO,31.8,8.08,0.41,0.12,2.47,3.65,6,2019.4166666666667
2019,June,LEVISTE,31.6,8.33,0.42,0.11,2.47,2.3,6,2019.4166666666667
2019,June,BUSO-BUSO,31.8,8.17,0.53,0.1,2.47,2.78,6,2019.4166666666667
2019,June,BAÑAGA,31.9,8.33,0.47,0.13,2.47,2.03,6,2019.4166666666667
2019,June,MANALAW,31.8,8.42,0.39,0.11,2.47,2.46,6,2019.4166666666667
2019,June,NANGKAAN,32.0,8.33,0.26,0.13,2.47,6.26,6,2019.4166666666667
2019,June,TANAUAN,32.2,8.33,0.33,0.1,2.47,6.11,6,2019.4166666666667
2019,July,QUILING,31.8,7.92,0.37,0.06,2.47,5.14,7,2019.5
2019,July,SAMPALOC,31.8,8.08,0.27,0.08,2.47,4.33,7,2019.5
2019,July,SAN ISIDRO,31.8,8.0,0.28,0.06,2.47,4.77,7,2019.5
2019,July,LEVISTE,31.0,8.08,0.25,0.11,2.47,4.2,7,2019.5
2019,July,BUSO-BUSO,31.3,7.83,0.39,0.09,2.47,4.45,7,2019.5
2019,July,BAÑAGA,31.4,8.17,0.28,0.07,2.47,4.05,7,2019.5
2019,July,MANALAW,30.8,8.08,0.31,0.06,2.47,5.22,7,2019.5
2019,July,NANGKAAN,31.5,7.92,0.17,0.04,2.47,5.58,7,2019.5
2019,July,TANAUAN,31.6,8.17,0.2,0.06,2.47,5.77,7,2019.5
2019,August,QUILING,28.8,8.17,0.16,0.15,2.47,5.46,8,2019.5833333333333
2019,August,SAMPALOC,27.8,8.08,0.19,0.12,2.47,4.6,8,2019.5833333333333
2019,August,SAN ISIDRO,28.9,8.25,0.16,0.06,2.47,5.18,8,2019.5833333333333
2019,August,LEVISTE,28.7,8.17,0.18,0.09,2.47,4.35,8,2019.5833333333333
2019,August,BUSO-BUSO,28.5,8.25,0.17,0.12,2.47,4.57,8,2019.5833333333333
2019,August,BAÑAGA,29.0,8.08,0.16,0.17,2.47,5.04,8,2019.5833333333333
2019,August,MANALAW,28.8,8.25,0.14,0.2,2.47,4.92,8,2019.5833333333333
2019,September,QUILING,29.2,8.0,0.34,0.0,2.47,4.81,9,2019.6666666666667
2019,September,SAMPALOC,29.1,8.08,0.3,0.0,2.47,3.1,9,2019.6666666666667
2019,September,SAN ISIDRO,29.2,8.0,0.31,0.03,2.47,3.74,9,2019.6666666666667
2019,September,LEVISTE,28.9,7.92,0.24,0.01,2.47,3.76,9,2019.6666666666667
2019,September,BUSO-BUSO,29.2,8.08,0.37,0.0,2.47,3.63,9,2019.6666666666667
2019,September,BAÑAGA,29.4,7.92,0.31,0.0,2.47,3.36,9,2019.6666666666667
2019,September,MANALAW,29.0,7.83,0.24,0.04,2.47,3.45,9,2019.6666666666667
2019,September,TANAUAN,29.3,8.0,0.24,0.02,2.47,5.16,9,2019.6666666666667
2019,October,QUILING,29.8,8.0,0.2,0.03,2.47,3.87,10,2019.75
2019,October,SAMPALOC,30.2,8.0,0.29,0.01,2.47,3.63,10,2019.75
2019,October,SAN ISIDRO,30.0,7.92,0.36,0.02,2.47,4.73,10,2019.75
2019,October,LEVISTE,30.7,8.25,0.21,0.0,2.47,4.34,10,2019.75
2019,October,BUSO-BUSO,30.3,7.83,0.44,0.02,2.47,3.9,10,2019.75
2019,October,BAÑAGA,30.1,8.0,0.44,0.0,2.47,3.02,10,2019.75
2019,October,MANALAW,30.1,8.17,0.2,0.0,2.47,3.87,10,2019.75
2019,October,NANGKAAN,28.8,8.0,0.21,0.02,2.47,4.11,10,2019.75
2019,October,TANAUAN,29.1,8.0,0.25,0.02,2.47,3.95,10,2019.75
2019,November,QUILING,28.9,7.92,0.22,0.03,2.47,4.82,11,2019.8333333333333
2019,November,SAMPALOC,30.1,8.08,0.2,0.01,2.47,4.17,11,2019.8333333333333
2019,November,SAN ISIDRO,28.9,8.0,0.33,0.01,2.47,4.89,11,2019.8333333333333
2019,November,LEVISTE,29.3,7.92,0.17,0.01,2.47,3.86,11,2019.8333333333333
2019,November,BUSO-BUSO,29.5,7.83,0.4,0.01,2.47,4.36,11,2019.8333333333333
2019,November,BAÑAGA,29.6,8.0,0.31,0.0,2.47,0.46,11,2019.8333333333333
2019,November,MANALAW,29.4,8.17,0.22,0.0,2.47,4.48,11,2019.8333333333333
2019,November,NANGKAAN,29.1,8.17,0.16,0.0,2.47,4.38,11,2019.8333333333333
2019,November,TANAUAN,29.5,8.08,0.18,0.0,2.47,4.94,11,2019.8333333333333
2019,December,QUILING,28.2,7.75,0.45,0.2,2.47,3.97,12,2019.9166666666667
2019,December,SAMPALOC,28.8,7.75,0.34,0.16,2.47,3.35,12,2019.9166666666667
2019,December,SAN ISIDRO,27.8,7.67,0.41,0.18,2.47,2.81,12,2019.9166666666667
2019,December,BERINAYAN,28.2,7.83,0.18,0.19,2.47,2.03,12,2019.9166666666667
2019,December,LEVISTE,27.8,7.83,0.38,0.18,2.47,3.14,12,2019.9166666666667
2019,December,BUSO-BUSO,28.4,7.83,0.36,0.16,2.47,2.74,12,2019.9166666666667
2019,December,BAÑAGA,28.0,7.83,0.36,0.12,2.47,2.94,12,2019.9166666666667
2019,December,MANALAW,28.0,7.83,0.36,0.12,2.47,3.15,12,2019.9166666666667
2019,December,NANGKAAN,27.9,8.08,0.36,0.21,2.47,3.93,12,2019.9166666666667
2019,December,TANAUAN,27.8,7.75,0.45,0.28,2.47,3.98,12,2019.9166666666667
2020,February,SAMPALOC,26.8,7.87,0.24,0.14,2.47,3.78,2,2020.0833333333333
2020,February,QUILING,26.3,6.49,0.28,0.11,2.47,2.4,2,2020.0833333333333
2020,February,AYA,26.3,6.49,0.09,0.08,2.47,2.42,2,2020.0833333333333
2020,February,LEVISTE,26.9,7.38,0.27,0.06,2.47,4.35,2,2020.0833333333333
2020,February,AMBULONG,26.3,6.63,0.09,0.08,2.47,2.91,2,2020.0833333333333
2020,February,TANAUAN,26.3,7.83,0.04,0.23,2.47,1.46,2,2020.0833333333333
2020,February,NANGKAAN,26.1,7.89,0.04,0.38,2.47,1.82,2,2020.0833333333333
2020,March,TANAUAN,28.8,7.55,0.06,0.11,2.47,6.1,3,2020.1666666666667
2020,March,NANGKAAN,28.8,7.47,0.04,0.07,2.47,5.71,3,2020.1666666666667
2020,March,MANALAW,28.9,7.39,0.05,0.04,2.47,6.25,3,2020.1666666666667
2020,March,BAÑAGA,29.1,7.57,0.05,0.06,2.47,5.6,3,2020.1666666666667
2020,March,BUSO-BUSO,29.2,7.47,0.06,0.07,2.47,6.05,3,2020.1666666666667
2020,March,LEVISTE,29.1,7.39,0.05,0.05,2.47,5.63,3,2020.1666666666667
2020,March,SAN ISIDRO,29.1,7.62,0.1,0.06,2.47,6.07,3,2020.1666666666667
2020,March,SAMPALOC,29.0,7.63,0.08,0.07,2.47,6.15,3,2020.1666666666667
2020,March,QUILING,28.8,7.65,0.16,0.17,2.47,6.04,3,2020.1666666666667
2020,April,TANAUAN,29.7,8.86,0.61,0.16,2.47,5.05,4,2020.25
2020,April,NANGKAAN,29.2,8.88,0.22,0.14,2.47,5.17,4,2020.25
2020,April,MANALAW,30.3,8.83,0.22,0.2,2.47,5.92,4,2020.25
2020,April,BAÑAGA,29.8,8.88,0.22,0.14,2.47,5.02,4,2020.25
2020,April,BUSO-BUSO,29.9,8.77,0.22,0.13,2.47,5.13,4,2020.25
2020,April,LEVISTE,29.8,8.94,0.28,0.07,2.47,5.55,4,2020.25
2020,April,SAN ISIDRO,30.2,8.85,0.19,0.17,2.47,5.93,4,2020.25
2020,April,SAMPALOC,30.4,8.86,0.28,0.18,2.47,5.72,4,2020.25
2020,April,QUILING,29.7,8.92,0.2,0.07,2.47,6.04,4,2020.25
2020,May,TANAUAN,31.9,8.33,0.09,0.19,2.47,5.92,5,2020.3333333333333
2020,May,NANGKAAN,31.4,8.33,0.12,0.16,2.47,5.7,5,2020.3333333333333
2020,May,MANALAW,31.7,8.17,0.16,0.17,2.47,5.34,5,2020.3333333333333
2020,May,BAÑAGA,31.9,8.08,0.2,0.22,2.47,5.39,5,2020.3333333333333
2020,May,BUSO-BUSO,31.8,8.25,0.19,0.79,2.47,5.99,5,2020.3333333333333
2020,May,LEVISTE,31.9,8.17,0.11,0.28,2.47,4.61,5,2020.3333333333333
2020,May,SAN ISIDRO,31.7,8.08,0.2,0.15,2.47,4.46,5,2020.3333333333333
2020,May,SAMPALOC,31.9,8.0,0.15,0.25,2.47,4.88,5,2020.3333333333333
2020,May,QUILING,32.0,8.25,0.11,0.17,2.47,5.01,5,2020.3333333333333
2020,June,BOOT,30.5,8.25,0.2,0.09,2.47,5.31,6,2020.4166666666667
2020,June,NANGKAAN,30.4,8.33,0.17,0.07,2.47,6.47,6,2020.4166666666667
2020,June,MANALAW,31.4,8.42,0.25,0.1,2.47,4.65,6,2020.4166666666667
2020,June,BAÑAGA,31.2,8.08,0.32,0.1,2.47,3.32,6,2020.4166666666667
2020,June,BUSO-BUSO,31.3,7.83,0.31,0.1,2.47,2.7,6,2020.4166666666667
2020,June,LEVISTE,31.4,8.17,0.15,0.1,2.47,4.39,6,2020.4166666666667
2020,June,SAN ISIDRO,31.2,8.08,0.08,0.2,2.47,6.4,6,2020.4166666666667
2020,June,SAMPALOC,31.5,7.83,0.07,0.03,2.47,4.07,6,2020.4166666666667
2020,June,QUILING,31.3,7.92,0.13,0.09,2.47,5.36,6,2020.4166666666667
2020,July,BOOT,29.8,8.16,0.17,0.04,2.47,3.28,7,2020.5
2020,July,NANGKAAN,31.1,8.2,0.2,0.06,2.47,1.95,7,2020.5
2020,July,MANALAW,31.8,8.13,0.23,0.01,2.47,5.73,7,2020.5
2020,July,BAÑAGA,32.1,8.17,0.31,0.01,2.47,1.95,7,2020.5
2020,July,BUSO-BUSO,32.1,8.1,0.37,0.03,2.47,1.61,7,2020.5
2020,July,LEVISTE,32.2,8.13,0.31,0.06,2.47,1.05,7,2020.5
2020,July,SAN ISIDRO,31.1,8.02,0.24,0.04,2.47,6.2,7,2020.5
2020,July,SAMPALOC,32.7,8.14,0.21,0.06,2.47,5.73,7,2020.5
2020,July,QUILING,32.4,8.39,0.37,0.02,2.47,4.71,7,2020.5
2020,August,BOOT,30.4,7.83,0.3,0.1,2.47,6.84,8,2020.5833333333333
2020,August,NANGKAAN,30.8,7.83,0.2,0.1,2.47,6.64,8,2020.5833333333333
2020,August,MANALAW,31.1,8.17,0.26,0.1,2.47,4.87,8,2020.5833333333333
2020,August,BAÑAGA,31.2,7.67,0.75,0.1,2.47,1.5,8,2020.5833333333333
2020,August,BUSO-BUSO,31.1,7.5,0.52,0.1,2.47,1.7,8,2020.5833333333333
2020,August,LEVISTE,32.0,7.92,0.45,0.1,2.47,2.4,8,2020.5833333333333
2020,August,SAN ISIDRO,31.3,7.75,0.32,0.1,2.47,3.53,8,2020.5833333333333
2020,August,SAMPALOC,31.8,7.75,0.33,0.1,2.47,2.2,8,2020.5833333333333
2020,September,BOOT,31.2,7.75,0.05,0.02,2.47,6.52,9,2020.6666666666667
2020,September,NANGKAAN,31.0,8.17,0.05,0.06,2.47,6.51,9,2020.6666666666667
2020,September,MANALAW,30.8,8.25,0.09,0.03,2.47,5.59,9,2020.6666666666667
2020,September,BAÑAGA,31.1,7.92,0.18,0.05,2.47,3.2,9,2020.6666666666667
2020,September,BUSO-BUSO,31.1,8.08,0.17,0.03,2.47,4.01,9,2020.6666666666667
2020,September,LEVISTE,31.7,8.08,0.16,0.04,2.47,5.7,9,2020.6666666666667
2020,September,SAN ISIDRO,31.4,8.17,0.15,0.01,2.47,4.75,9,2020.6666666666667
2020,September,SAMPALOC,31.9,8.0,0.13,0.03,2.47,5.76,9,2020.6666666666667
2020,September,QUILING,31.9,8.25,0.09,0.03,2.47,5.06,9,2020.6666666666667
2020,October,TANAUAN,31.2,8.25,0.1,0.1,2.47,6.09,10,2020.75
2020,October,NANGKAAN,30.8,8.5,0.24,0.1,2.47,6.1,10,2020.75
2020,October,MANALAW,31.5,8.17,0.14,0.1,2.47,6.36,10,2020.75
2020,October,BAÑAGA,31.6,8.5,0.27,0.1,2.47,1.56,10,2020.75
2020,October,BUSO-BUSO,31.9,8.33,0.36,0.1,2.47,5.74,10,2020.75
2020,October,LEVISTE,31.8,8.25,0.2,0.1,2.47,5.3,10,2020.75
2020,October,SAN ISIDRO,31.6,8.25,0.18,0.1,2.47,6.36,10,2020.75
2020,October,SAMPALOC,31.5,8.25,0.19,0.1,2.47,2.57,10,2020.75
2020,October,QUILING,30.8,8.5,0.24,0.1,2.47,4.37,10,2020.75
2020,November,TANAUAN,27.8,7.75,0.26,0.1,2.47,4.48,11,2020.8333333333333
2020,November,NANGKAAN,27.7,8.08,0.23,0.1,2.47,5.33,11,2020.8333333333333
2020,November,MANALAW,28.5,7.92,0.3,0.1,2.47,4.47,11,2020.8333333333333
2020,November,BAÑAGA,28.7,7.92,0.27,0.1,2.47,3.27,11,2020.8333333333333
2020,November,BUSO-BUSO,28.8,7.92,0.34,0.1,2.47,5.68,11,2020.8333333333333
2020,November,LEVISTE,28.7,8.0,0.29,0.1,2.47,5.89,11,2020.8333333333333
2020,November,SAN ISIDRO,28.3,7.75,0.29,0.1,2.47,6.06,11,2020.8333333333333
2020,November,SAMPALOC,28.5,7.92,0.32,0.1,2.47,5.36,11,2020.8333333333333
2020,November,QUILING,28.2,7.92,0.27,0.1,2.47,4.2,11,2020.8333333333333
2020,December,TANAUAN,27.7,7.58,0.19,0.1,2.47,5.6,12,2020.9166666666667
2020,December,NANGKAAN,27.9,7.75,0.2,0.1,2.47,5.71,12,2020.9166666666667
2020,December,LEVISTE,27.8,7.67,0.34,0.1,2.47,4.86,12,2020.9166666666667
2020,December,SAMPALOC,28.2,7.67,0.33,0.1,2.47,5.57,12,2020.9166666666667
2020,December,QUILING,28.2,7.58,0.24,0.1,2.47,4.67,12,2020.9166666666667
2021,January,NANGKAAN,26.9,7.75,0.27,0.1,2.47,4.17,1,2021.0
2021,January,TANAUAN,26.7,7.75,0.27,0.1,2.47,3.61,1,2021.0
2021,January,QUILING,26.8,7.75,0.35,0.1,2.47,4.4,1,2021.0
2021,January,SAMPALOC,26.8,7.75,0.19,0.1,2.47,3.89,1,2021.0
2021,February,LEVISTE,26.4,8.0,0.19,0.1,2.47,6.1,2,2021.0833333333333
2021,February,SAMPALOC,26.6,7.83,0.21,0.1,2.47,5.08,2,2021.0833333333333
2021,February,QUILING,26.2,7.91,0.2,0.1,2.47,5.31,2,2021.0833333333333
2021,February,BOOT,26.8,7.83,0.23,0.1,2.47,6.41,2,2021.0833333333333
2021,February,NANGKAAN,26.5,7.5,0.19,0.1,2.47,5.04,2,2021.0833333333333
2021,February,MANALAW,27.5,7.75,0.23,0.1,2.47,6.56,2,2021.0833333333333
2021,February,BAÑAGA,27.5,7.58,0.32,0.1,2.47,5.63,2,2021.0833333333333
2021,February,BUSO-BUSO,28.0,7.83,0.27,0.1,2.47,6.71,2,2021.0833333333333
2021,March,TANAUAN,28.1,7.75,0.24,0.1,2.47,6.55,3,2021.1666666666667
2021,March,NANGKAAN,28.0,8.0,0.24,0.1,2.47,6.45,3,2021.1666666666667
2021,March,LEVISTE,28.8,7.92,0.2,0.1,2.47,4.08,3,2021.1666666666667
2021,March,SAMPALOC,28.7,7.83,0.2,0.1,2.47,5.45,3,2021.1666666666667
2021,March,QUILING,29.0,7.92,0.23,0.1,2.47,5.33,3,2021.1666666666667
2021,April,MANALAW,29.0,7.75,0.22,0.1,2.47,5.95,4,2021.25
2021,April,BAÑAGA,29.2,8.0,0.22,0.1,2.47,3.29,4,2021.25
2021,April,BUSO-BUSO,29.9,8.08,0.34,0.1,2.47,4.92,4,2021.25
2021,April,LEVISTE,29.5,7.92,0.22,0.1,2.47,5.62,4,2021.25
2021,April,SAMPALOC,30.0,8.08,0.27,0.1,2.47,7.56,4,2021.25
2021,April,SAN ISIDRO,29.6,8.0,0.27,0.1,2.47,6.51,4,2021.25
2021,April,QUILING,29.3,8.0,0.25,0.1,2.47,6.48,4,2021.25
2021,April,TANAUAN,29.0,8.08,0.28,0.1,2.47,6.39,4,2021.25
2021,April,NANGKAAN,29.0,8.0,0.22,0.1,2.47,6.6,4,2021.25
2021,May,TANAUAN,29.2,8.17,0.01,0.1,2.47,6.69,5,2021.3333333333333
2021,May,NANGKAAN,29.0,8.17,0.0,0.1,2.47,6.23,5,2021.3333333333333
2021,May,MANALAW,30.0,8.0,0.0,0.1,2.47,6.63,5,2021.3333333333333
2021,May,BAÑAGA,30.0,8.0,0.02,0.1,2.47,4.79,5,2021.3333333333333
2021,May,BUSO-BUSO,30.1,8.0,0.02,0.1,2.47,6.43,5,2021.3333333333333
2021,May,LEVISTE,30.8,8.0,0.02,0.1,2.47,6.36,5,2021.3333333333333
2021,May,SAMPALOC,30.0,8.0,0.0,0.1,2.47,6.63,5,2021.3333333333333
2021,May,QUILING,29.2,8.0,0.0,0.1,2.47,6.37,5,2021.3333333333333
2021,June,TANAUAN,30.8,8.17,0.04,5.67,2.47,6.91,6,2021.4166666666667
2021,June,NANGKAAN,31.0,8.17,0.04,0.1,2.47,6.88,6,2021.4166666666667
2021,June,MANALAW,30.6,8.33,0.09,0.1,2.47,5.41,6,2021.4166666666667
2021,June,BAÑAGA,31.0,8.0,0.49,0.1,2.47,3.79,6,2021.4166666666667
2021,June,BUSO-BUSO,31.0,8.0,0.29,0.1,2.47,5.89,6,2021.4166666666667
2021,June,LEVISTE,31.8,8.0,0.1,0.1,2.47,6.13,6,2021.4166666666667
2021,June,SAN ISIDRO,31.2,8.0,0.15,0.1,2.47,6.08,6,2021.4166666666667
2021,June,SAMPALOC,31.8,8.0,0.14,0.1,2.47,6.5,6,2021.4166666666667
2021,June,QUILING,31.2,8.0,0.23,0.1,2.47,6.37,6,2021.4166666666667
2021,July,LEVISTE,30.8,8.33,0.14,0.18,2.47,4.82,7,2021.5
2021,July,SAMPALOC,30.9,8.0,0.15,0.19,2.47,4.7,7,2021.5
2021,July,QUILING,30.2,8.17,0.12,0.19,2.47,4.48,7,2021.5
2021,July,TANAUAN,30.2,8.25,0.01,0.18,2.47,4.89,7,2021.5
2021,July,NANGKAAN,29.5,7.58,0.11,0.24,2.47,5.57,7,2021.5
2021,August,TANAUAN,29.8,8.58,0.3,0.1,2.47,6.46,8,2021.5833333333333
2021,August,NANGKAAN,29.6,8.25,0.34,0.11,2.47,6.26,8,2021.5833333333333
2021,August,MANALAW,29.1,8.33,0.23,0.01,2.47,6.43,8,2021.5833333333333
2021,August,BAÑAGA,29.7,8.17,0.36,0.1,2.47,5.38,8,2021.5833333333333
2021,August,BUSO-BUSO,29.3,8.25,0.37,0.04,2.47,5.2,8,2021.5833333333333
2021,August,LEVISTE,29.1,8.25,0.29,0.04,2.47,5.11,8,2021.5833333333333
2021,August,SAN ISIDRO,29.8,8.17,0.32,0.02,2.47,5.97,8,2021.5833333333333
2021,August,SAMPALOC,29.5,8.42,0.32,0.03,2.47,4.88,8,2021.5833333333333
2021,August,QUILING,30.0,8.25,0.32,0.04,2.47,5.72,8,2021.5833333333333
2021,September,TANAUAN,29.0,8.08,0.9199999999999999,0.02,2.47,5.77,9,2021.6666666666667
2021,September,LEVISTE,29.6,8.08,0.3,0.09,2.47,4.72,9,2021.6666666666667
2021,September,SAN ISIDRO,29.8,8.17,0.34,0.07,2.47,5.82,9,2021.6666666666667
2021,September,SAMPALOC,29.6,8.17,0.35,0.14,2.47,4.4,9,2021.6666666666667
2021,September,QUILING,29.2,7.92,0.55,0.17,2.47,5.73,9,2021.6666666666667
2021,September,NANGKAAN,29.4,8.5,0.13,0.02,2.47,6.47,9,2021.6666666666667
2021,September,MANALAW,30.0,8.24,0.21,0.03,2.47,4.63,9,2021.6666666666667
2021,September,BAÑAGA,29.8,8.36,0.69,0.04,2.47,4.01,9,2021.6666666666667
2021,September,BUSO-BUSO,30.0,8.35,0.32,0.04,2.47,3.29,9,2021.6666666666667
2021,October,MANALAW,29.0,8.47,0.25,0.02,2.47,7.0,10,2021.75
2021,October,BAÑAGA,30.0,8.37,0.25,0.26,2.47,3.19,10,2021.75
2021,October,BUSO-BUSO,29.8,8.2,0.25,0.16,2.47,3.23,10,2021.75
2021,October,LEVISTE,29.0,8.45,0.25,0.11,2.47,5.61,10,2021.75
2021,October,SAMPALOC,29.0,8.18,0.25,0.19,2.47,6.05,10,2021.75
2021,October,QUILING,29.5,8.26,0.25,0.23,2.47,3.17,10,2021.75
2021,October,TANAUAN,29.0,7.84,0.25,0.28,2.47,3.15,10,2021.75
2021,October,NANGKAAN,30.0,7.53,0.25,0.15,2.47,5.56,10,2021.75
2021,November,MANALAW,28.3,8.22,0.09,0.14,2.47,6.43,11,2021.8333333333333
2021,November,BAÑAGA,29.1,8.16,0.14,0.15,2.47,5.0,11,2021.8333333333333
2021,November,BUSO-BUSO,29.3,7.64,0.35,0.14,2.47,3.34,11,2021.8333333333333
2021,November,LEVISTE,28.9,7.9,0.07,0.18,2.47,4.82,11,2021.8333333333333
2021,November,SAMPALOC,28.5,7.73,0.19,0.16,2.47,4.95,11,2021.8333333333333
2021,November,QUILING,28.2,8.26,0.18,0.1,2.47,5.22,11,2021.8333333333333
2021,November,TANAUAN,28.8,7.84,0.1,0.1,2.47,5.54,11,2021.8333333333333
2021,November,NANGKAAN,28.6,7.53,0.1,0.1,2.47,6.42,11,2021.8333333333333
2021,December,BAÑAGA,27.0,7.76,0.26,0.1,2.47,4.6,12,2021.9166666666667
2021,December,SAMPALOC,27.3,8.15,0.15,0.1,2.47,4.96,12,2021.9166666666667
2021,December,QUILING,37.0,7.84,0.13,0.1,2.47,4.6,12,2021.9166666666667
2021,December,TANAUAN,29.2,8.56,0.07,0.1,2.47,4.28,12,2021.9166666666667
2022,January,MANALAW,26.8,8.13,0.24,0.15,2.47,5.74,1,2022.0
2022,January,BAÑAGA,26.8,7.94,0.14,0.2,2.47,3.0,1,2022.0
2022,January,BUSO-BUSO,27.0,7.93,0.14,0.27,2.47,3.69,1,2022.0
2022,January,LEVISTE,27.0,7.94,0.11,0.26,2.47,4.37,1,2022.0
2022,January,SAMPALOC,27.0,7.79,0.33,0.24,2.47,3.36,1,2022.0
2022,January,NANGKAAN,26.4,7.94,0.08,0.24,2.47,3.46,1,2022.0
2022,January,TANAUAN,26.7,7.81,0.15,0.3,2.47,3.45,1,2022.0
2022,January,QUILING,26.8,7.88,0.08,0.25,2.47,3.41,1,2022.0
2022,February,LEVISTE,27.7,8.05,0.14,0.33,2.47,4.54,2,2022.0833333333333
2022,February,SAN ISIDRO,27.5,8.11,0.13,0.36,2.47,6.06,2,2022.0833333333333
2022,February,SAMPALOC,27.2,8.05,0.13,0.31,2.47,5.42,2,2022.0833333333333
2022,February,QUILING,27.0,8.13,0.13,0.25,2.47,6.27,2,2022.0833333333333
2022,February,TANAUAN,26.6,8.12,0.17,0.35,2.47,5.35,2,2022.0833333333333
2022,February,NANGKAAN,26.7,8.3,0.16,0.22,2.47,5.3,2,2022.0833333333333
2022,February,MANALAW,27.4,8.22,0.18,0.09,2.47,5.29,2,2022.0833333333333
2022,February,BAÑAGA,27.8,8.13,0.28,0.11,2.47,4.63,2,2022.0833333333333
2022,February,BUSO-BUSO,27.6,8.28,0.18,0.19,2.47,4.67,2,2022.0833333333333
2022,March,NANGKAAN,27.8,8.44,0.15,0.12,2.47,6.86,3,2022.1666666666667
2022,March,MANALAW,28.7,8.14,0.19,0.16,2.47,6.65,3,2022.1666666666667
2022,March,BAÑAGA,28.8,8.07,0.27,0.1,2.47,4.27,3,2022.1666666666667
2022,March,BUSO-BUSO,28.2,8.02,0.27,0.11,2.47,5.65,3,2022.1666666666667
2022,March,SAN ISIDRO,28.9,7.75,0.34,0.14,2.47,6.28,3,2022.1666666666667
2022,March,LEVISTE,28.8,8.04,0.18,0.26,2.47,5.51,3,2022.1666666666667
2022,March,SAMPALOC,29.0,8.15,0.17,0.21,2.47,5.29,3,2022.1666666666667
2022,March,QUILING,28.6,8.32,0.27,0.2,2.47,6.2,3,2022.1666666666667
2022,March,TANAUAN,28.5,8.32,0.17,0.21,2.47,6.33,3,2022.1666666666667
2022,April,LEVISTE,29.7,7.77,0.25,0.1,2.47,6.27,4,2022.25
2022,April,SAN ISIDRO,29.2,7.9,0.25,0.1,2.47,6.59,4,2022.25
2022,April,SAMPALOC,29.2,7.73,0.25,0.1,2.47,6.41,4,2022.25
2022,April,QUILING,28.8,7.86,0.25,0.1,2.47,6.18,4,2022.25
2022,April,TANAUAN,29.4,7.47,0.25,0.1,2.47,6.27,4,2022.25
2022,April,NANGKAAN,28.3,7.98,0.25,0.1,2.47,6.34,4,2022.25
2022,April,MANALAW,29.3,7.95,0.25,0.1,2.47,6.18,4,2022.25
2022,April,BAÑAGA,29.7,7.85,0.25,0.1,2.47,5.73,4,2022.25
2022,April,BUSO-BUSO,29.6,7.68,0.25,0.1,2.47,5.36,4,2022.25
2022,May,TANAUAN,30.5,7.78,0.25,0.1,2.47,6.36,5,2022.3333333333333
2022,May,NANGKAAN,30.4,8.06,0.25,0.1,2.47,6.32,5,2022.3333333333333
2022,May,MANALAW,30.6,8.4,0.25,0.1,2.47,6.22,5,2022.3333333333333
2022,May,BAÑAGA,31.0,8.13,0.25,0.1,2.47,5.26,5,2022.3333333333333
2022,May,BUSO-BUSO,30.8,7.93,0.25,0.1,2.47,4.81,5,2022.3333333333333
2022,May,LEVISTE,31.2,8.02,0.25,0.1,2.47,5.11,5,2022.3333333333333
2022,June,TANAUAN,31.8,8.18,0.59,0.3,2.47,5.98,6,2022.4166666666667
2022,June,NANGKAAN,31.8,8.16,0.28,0.18,2.47,6.23,6,2022.4166666666667
2022,June,MANALAW,31.6,8.17,0.41,0.1,2.47,5.29,6,2022.4166666666667
2022,June,BAÑAGA,32.0,8.11,0.43,0.12,2.47,2.6,6,2022.4166666666667
2022,June,BUSO-BUSO,32.0,8.02,0.34,0.13,2.47,3.43,6,2022.4166666666667
2022,June,LEVISTE,32.2,7.99,0.45,0.16,2.47,6.25,6,2022.4166666666667
2022,June,SAN ISIDRO,32.1,8.07,0.27,0.14,2.47,6.37,6,2022.4166666666667
2022,June,SAMPALOC,32.4,8.28,0.26,0.18,2.47,5.85,6,2022.4166666666667
2022,June,QUILING,33.0,8.31,0.29,0.11,2.47,5.58,6,2022.4166666666667
2022,July,TANAUAN,30.3,8.14,0.42,0.12,2.47,5.15,7,2022.5
2022,July,NANGKAAN,30.8,8.37,0.19,0.15,2.47,6.28,7,2022.5
2022,July,MANALAW,31.1,8.42,0.36,0.08,2.47,5.75,7,2022.5
2022,July,BAÑAGA,30.8,8.2,0.9199999999999999,0.06,2.47,2.53,7,2022.5
2022,July,BUSO-BUSO,31.0,8.51,0.41,0.15,2.47,1.9,7,2022.5
2022,July,LEVISTE,31.3,8.24,0.31,0.15,2.47,2.02,7,2022.5
2022,July,SAN ISIDRO,31.0,8.6,0.28,0.06,2.47,4.49,7,2022.5
2022,July,SAMPALOC,31.9,8.34,0.18,0.06,2.47,1.19,7,2022.5
2022,July,QUILING,31.0,8.38,0.61,0.06,2.47,5.42,7,2022.5
2022,August,TANAUAN,30.2,8.81,0.19,0.1,2.47,6.75,8,2022.5833333333333
2022,August,NANGKAAN,30.6,8.83,0.18,0.1,2.47,6.75,8,2022.5833333333333
2022,August,MANALAW,30.2,8.95,0.64,0.1,2.47,5.1,8,2022.5833333333333
2022,August,BAÑAGA,30.8,8.67,0.26,0.1,2.47,1.76,8,2022.5833333333333
2022,August,BUSO-BUSO,30.8,8.64,0.39,0.1,2.47,4.08,8,2022.5833333333333
2022,August,LEVISTE,30.9,8.67,0.3,0.1,2.47,1.75,8,2022.5833333333333
2022,August,SAN ISIDRO,31.2,8.72,0.23,0.1,2.47,6.05,8,2022.5833333333333
2022,August,SAMPALOC,30.9,8.54,0.25,0.1,2.47,1.74,8,2022.5833333333333
2022,August,QUILING,31.3,8.86,0.21,0.1,2.47,6.7,8,2022.5833333333333
2022,September,TANAUAN,30.6,8.17,0.47,0.1,2.47,7.61,9,2022.6666666666667
2022,September,NANGKAAN,30.2,8.17,0.44,0.1,2.47,7.42,9,2022.6666666666667
2022,September,MANALAW,30.0,8.15,0.53,0.1,2.47,3.89,9,2022.6666666666667
2022,September,BAÑAGA,30.5,8.06,0.56,0.1,2.47,3.76,9,2022.6666666666667
2022,September,BUSO-BUSO,30.4,8.01,0.64,0.1,2.47,3.9,9,2022.6666666666667
2022,September,LEVISTE,30.6,8.03,0.56,0.1,2.47,2.62,9,2022.6666666666667
2022,September,SAMPALOC,30.8,8.16,0.52,0.1,2.47,5.32,9,2022.6666666666667
2022,September,QUILING,31.4,8.23,0.49,0.1,2.47,7.1,9,2022.6666666666667
2022,October,TANAUAN,30.2,8.29,0.48,0.1,2.47,7.3,10,2022.75
2022,October,NANGKAAN,30.0,8.27,0.44,0.1,2.47,6.32,10,2022.75
2022,October,MANALAW,30.2,8.27,0.56,0.1,2.47,6.92,10,2022.75
2022,October,BAÑAGA,30.2,8.08,0.65,0.1,2.47,2.26,10,2022.75
2022,October,BUSO-BUSO,30.2,8.15,0.66,0.1,2.47,4.85,10,2022.75
2022,October,LEVISTE,30.3,8.07,0.62,0.1,2.47,5.19,10,2022.75
2022,October,SAN ISIDRO,30.5,8.2,0.6,0.1,2.47,4.24,10,2022.75
2022,October,SAMPALOC,30.6,8.19,0.66,0.1,2.47,5.46,10,2022.75
2022,October,QUILING,30.5,8.33,0.51,0.1,2.47,5.55,10,2022.75
2022,November,TANAUAN,28.2,8.15,0.53,0.1,2.47,5.48,11,2022.8333333333333
2022,November,NANGKAAN,28.4,8.2,0.54,0.1,2.47,5.47,11,2022.8333333333333
2022,November,LEVISTE,28.9,8.1,0.58,0.1,2.47,5.17,11,2022.8333333333333
2022,November,SAMPALOC,28.6,7.88,0.62,0.1,2.47,4.9,11,2022.8333333333333
2022,November,QUILING,28.2,7.88,0.51,0.1,2.47,3.07,11,2022.8333333333333
2022,November,MANALAW,28.8,8.23,0.55,0.1,2.47,5.25,11,2022.8333333333333
2022,November,BAÑAGA,28.8,7.94,0.66,0.1,2.47,3.28,11,2022.8333333333333
2022,November,BUSO-BUSO,29.0,7.93,0.69,0.1,2.47,4.7,11,2022.8333333333333
2022,December,TANAUAN,28.2,7.93,0.6,0.1,2.47,6.2,12,2022.9166666666667
2022,December,NANGKAAN,28.2,8.09,0.6,0.1,2.47,5.98,12,2022.9166666666667
2022,December,MANALAW,28.8,8.12,0.64,0.1,2.47,5.05,12,2022.9166666666667
2022,December,BAÑAGA,28.8,7.82,0.7,0.1,2.47,3.06,12,2022.9166666666667
2022,December,BUSO-BUSO,28.8,7.74,0.86,0.1,2.47,4.2,12,2022.9166666666667
2022,December,LEVISTE,29.0,8.05,0.66,0.1,2.47,6.07,12,2022.9166666666667
2022,December,SAMPALOC,28.9,7.8,0.72,0.1,2.47,4.99,12,2022.9166666666667
2022,December,QUILING,28.4,7.69,0.68,0.1,2.47,5.81,12,2022.9166666666667
2023,January,SAMPALOC,26.8,5.23,0.55,0.1,2.47,2.04,1,2023.0
2023,January,QUILING,26.8,5.15,0.53,0.1,2.47,1.98,1,2023.0
2023,January,LEVISTE,27.1,5.23,0.55,0.1,2.47,2.75,1,2023.0
2023,January,TANAUAN,26.6,5.26,0.52,0.1,2.47,2.24,1,2023.0
2023,January,MATAAS NA KAHOY,26.6,5.16,0.42,0.1,2.47,2.57,1,2023.0
2023,January,MANALAW,27.0,5.23,0.45,0.1,2.47,3.91,1,2023.0
2023,January,BAÑAGA,26.8,5.18,0.5,0.1,2.47,2.84,1,2023.0
2023,January,BUSO-BUSO,26.8,5.21,0.51,0.1,2.47,2.73,1,2023.0
2023,February,TANAUAN,31.5,5.43,0.43,0.1,2.47,6.99,2,2023.0833333333333
2023,February,NANGKAAN,31.3,5.39,0.43,0.1,2.47,5.52,2,2023.0833333333333
2023,February,MANALAW,32.0,5.48,0.49,0.1,2.47,6.83,2,2023.0833333333333
2023,February,BAÑAGA,32.0,5.38,0.51,0.1,2.47,5.0,2,2023.0833333333333
2023,February,BUSO-BUSO,31.9,5.45,0.9199999999999999,0.1,2.47,5.3,2,2023.0833333333333
2023,February,LEVISTE,32.2,5.51,0.46,0.1,2.47,7.33,2,2023.0833333333333
2023,February,SAMPALOC,32.2,5.46,0.45,0.1,2.47,6.71,2,2023.0833333333333
2023,February,QUILING,31.8,5.4,0.46,0.1,2.47,5.78,2,2023.0833333333333
2023,March,TANAUAN,26.3,5.54,0.55,0.1,2.47,6.72,3,2023.1666666666667
2023,March,NANGKAAN,26.5,5.5,0.53,0.1,2.47,6.19,3,2023.1666666666667
2023,March,MANALAW,26.8,5.5,0.5,0.1,2.47,5.86,3,2023.1666666666667
2023,March,BAÑAGA,27.1,5.46,0.59,0.1,2.47,4.74,3,2023.1666666666667
2023,March,BUSO-BUSO,27.0,5.47,0.58,0.1,2.47,5.67,3,2023.1666666666667
2023,March,LEVISTE,26.9,5.5,0.57,0.1,2.47,5.63,3,2023.1666666666667
2023,March,SAMPALOC,26.8,5.43,0.53,0.1,2.47,5.18,3,2023.1666666666667
2023,March,QUILING,26.5,5.46,0.48,0.1,2.47,5.74,3,2023.1666666666667
2023,April,TANAUAN,28.8,5.59,0.5,0.1,2.47,8.8,4,2023.25
2023,April,NANGKAAN,28.8,5.62,0.52,0.1,2.47,8.33,4,2023.25
2023,April,MANALAW,29.9,5.53,0.5,0.1,2.47,7.42,4,2023.25
2023,April,BAÑAGA,29.8,5.5,0.53,0.1,2.47,4.42,4,2023.25
2023,April,BUSO-BUSO,30.0,5.55,0.53,0.1,2.47,6.3,4,2023.25
2023,April,LEVISTE,30.5,5.59,0.48,0.1,2.47,7.11,4,2023.25
2023,April,SAMPALOC,30.6,5.59,0.52,0.1,2.47,6.75,4,2023.25
2023,April,QUILING,30.2,5.7,0.51,0.1,2.47,8.99,4,2023.25
2023,May,TANAUAN,30.2,5.6,0.59,0.1,2.47,8.63,5,2023.3333333333333
2023,May,NANGKAAN,29.9,5.55,0.82,0.1,2.47,6.36,5,2023.3333333333333
2023,May,MANALAW,31.1,5.54,0.61,0.1,2.47,6.79,5,2023.3333333333333
2023,May,BAÑAGA,31.1,5.41,0.64,0.1,2.47,4.18,5,2023.3333333333333
2023,May,BUSO-BUSO,30.8,5.48,0.67,0.1,2.47,5.39,5,2023.3333333333333
2023,May,LEVISTE,31.6,5.52,0.62,0.1,2.47,5.77,5,2023.3333333333333
2023,May,SAMPALOC,30.2,5.87,0.6,0.1,2.47,5.14,5,2023.3333333333333
2023,May,QUILING,31.0,5.6,0.6,0.1,2.47,2.24,5,2023.3333333333333
2023,June,TANAUAN,31.2,5.68,0.58,0.1,2.47,2.96,6,2023.4166666666667
2023,June,NANGKAAN,31.1,5.62,0.61,0.1,2.47,2.89,6,2023.4166666666667
2023,June,MANALAW,31.0,5.51,0.64,0.1,2.47,1.78,6,2023.4166666666667
2023,June,BAÑAGA,31.6,5.43,0.39,0.1,2.47,1.71,6,2023.4166666666667
2023,June,BUSO-BUSO,31.5,5.55,0.4,0.1,2.47,1.4,6,2023.4166666666667
2023,June,LEVISTE,31.9,5.64,0.39,0.1,2.47,2.26,6,2023.4166666666667
2023,June,SAMPALOC,30.8,5.6,0.07,0.1,2.47,1.97,6,2023.4166666666667
2023,June,QUILING,31.1,5.67,0.9199999999999999,0.1,2.47,2.98,6,2023.4166666666667
2023,July,NANGKAAN,31.5,5.78,0.06,0.1,2.47,3.05,7,2023.5
2023,July,MANALAW,32.5,5.71,0.07,0.1,2.47,2.25,7,2023.5
2023,July,BAÑAGA,32.5,5.6,0.18,0.1,2.47,1.06,7,2023.5
2023,July,BUSO-BUSO,32.2,5.59,0.17,0.1,2.47,1.24,7,2023.5
2023,July,TANAUAN,30.3,5.62,0.11,0.1,2.47,2.38,7,2023.5
2023,July,LEVISTE,30.8,5.42,0.27,0.1,2.47,1.01,7,2023.5
2023,July,SAMPALOC,31.1,5.54,0.12,0.1,2.47,1.96,7,2023.5
2023,July,QUILING,31.3,5.59,0.13,0.1,2.47,2.57,7,2023.5
2023,August,TANAUAN,30.6,5.75,0.14,0.1,2.47,2.77,8,2023.5833333333333
2023,August,NANGKAAN,30.1,5.4,0.13,0.1,2.47,2.67,8,2023.5833333333333
2023,August,MANALAW,29.9,5.54,0.14,0.1,2.47,1.44,8,2023.5833333333333
2023,August,BAÑAGA,30.3,5.62,0.14,0.1,2.47,1.64,8,2023.5833333333333
2023,August,BUSO-BUSO,30.8,5.76,0.13,0.1,2.47,2.06,8,2023.5833333333333
2023,August,LEVISTE,30.4,5.68,0.13,0.1,2.47,2.03,8,2023.5833333333333
2023,August,SAMPALOC,30.9,5.74,0.1,0.1,2.47,2.52,8,2023.5833333333333
2023,August,QUILING,31.6,5.75,0.11,0.1,2.47,2.61,8,2023.5833333333333
2023,September,TANAUAN,29.8,5.72,0.13,0.1,2.47,3.07,9,2023.6666666666667
2023,September,NANGKAAN,30.2,5.7,0.12,0.1,2.47,3.07,9,2023.6666666666667
2023,September,MANALAW,30.2,5.55,0.19,0.1,2.47,0.89,9,2023.6666666666667
2023,September,BAÑAGA,30.2,5.64,0.38,0.1,2.47,1.51,9,2023.6666666666667
2023,September,BUSO-BUSO,30.3,5.64,0.13,0.1,2.47,1.78,9,2023.6666666666667
2023,September,LEVISTE,30.7,5.59,0.15,0.1,2.47,1.37,9,2023.6666666666667
2023,September,SAMPALOC,31.0,5.67,0.13,0.1,2.47,2.16,9,2023.6666666666667
2023,September,QUILING,31.1,5.74,0.11,0.1,2.47,3.27,9,2023.6666666666667
2023,October,TANAUAN,28.2,5.57,0.13,0.1,2.47,2.13,10,2023.75
2023,October,NANGKAAN,28.0,5.57,0.13,0.1,2.47,2.08,10,2023.75
2023,October,MANALAW,29.0,5.49,0.22,0.1,2.47,1.8,10,2023.75
2023,October,BAÑAGA,28.9,5.43,0.21,0.1,2.47,1.14,10,2023.75
2023,October,BUSO-BUSO,29.0,5.4,0.21,0.1,2.47,1.16,10,2023.75
2023,October,LEVISTE,29.2,5.51,0.2,0.1,2.47,2.07,10,2023.75
2023,October,SAMPALOC,29.4,5.46,0.14,0.1,2.47,1.6,10,2023.75
2023,October,QUILING,29.0,5.54,0.16,0.1,2.47,2.45,10,2023.75
2023,November,TANAUAN,27.0,8.06,0.27,0.1,2.47,1.94,11,2023.8333333333333
2023,November,LEVISTE,27.2,8.18,0.35,0.1,2.47,1.69,11,2023.8333333333333
2023,November,SAMPALOC,27.2,8.01,0.42,0.1,2.47,1.65,11,2023.8333333333333
2023,November,QUILING,27.0,8.21,0.31,0.1,2.47,1.6,11,2023.8333333333333
2023,November,MANALAW,27.0,7.99,0.64,0.1,2.47,1.76,11,2023.8333333333333
2023,November,BAÑAGA,27.0,8.35,0.33,0.1,2.47,1.57,11,2023.8333333333333
2023,November,BUSO-BUSO,27.0,8.15,0.35,0.1,2.47,1.36,11,2023.8333333333333
2023,November,MATAAS NA KAHOY,27.0,8.25,0.28,0.1,2.47,1.83,11,2023.8333333333333
2023,December,MANALAW,27.8,8.24,0.32,0.1,2.47,2.05,12,2023.9166666666667
2023,December,BAÑAGA,27.4,7.96,0.34,0.1,2.47,1.1,12,2023.9166666666667
2023,December,BUSO-BUSO,27.3,7.88,0.49,0.1,2.47,1.65,12,2023.9166666666667
2023,December,MATAAS NA KAHOY,27.1,8.37,0.23,0.1,2.47,2.08,12,2023.9166666666667
2023,December,TANAUAN,27.0,8.24,0.25,0.1,2.47,2.2,12,2023.9166666666667
2023,December,LEVISTE,28.0,8.01,0.31,0.1,2.47,1.89,12,2023.9166666666667
2023,December,SAMPALOC,27.1,8.03,0.29,0.1,2.47,1.47,12,2023.9166666666667
2023,December,QUILING,26.3,8.16,0.24,0.1,2.47,1.7,12,2023.9166666666667
